ticker,confidence,signal,price
AAATECH.NS,0.40299999713897705,,
AADHARHFC.NS,0.4620000123977661,,
AAKASH.NS,0.4440000057220459,,
AAREYDRUGS.NS,0.5770000219345093,,
AARON.NS,0.48500001430511475,,
AARTECH.NS,0.5239999890327454,,
AARTIDRUGS.NS,0.3449999988079071,,
AARTIIND.NS,0.3580000102519989,,
AARTIPHARM.NS,0.4480000138282776,,
AARTISURF.NS,0.4410000145435333,,
AARVEEDEN.NS,0.4860000014305115,,
AARVI.NS,0.5260000228881836,,
AAVAS.NS,0.5360000133514404,,
ABAN.NS,0.38199999928474426,,
ABB.NS,0.6039999723434448,,
ABBOTINDIA.NS,0.4749999940395355,,
ABCAPITAL.NS,0.45100000500679016,,
ABDL.NS,0.46299999952316284,,
ABFRL.NS,0.49000000953674316,,
ABINFRA.NS,0.531000018119812,,
ABMINTLLTD.NS,0.44999998807907104,,
ABREL.NS,0.46700000762939453,,
ABSLAMC.NS,0.4390000104904175,,
ACC.NS,0.5049999952316284,,
ACCELYA.NS,0.5130000114440918,,
ACCURACY.NS,0.3970000147819519,,
ACE.NS,0.4620000123977661,,
ACEINTEG.NS,0.4480000138282776,,
ACI.NS,0.4749999940395355,,
ACL.NS,0.4189999997615814,,
ACLGATI.NS,0.36000001430511475,,
ACMESOLAR.NS,0.4300000071525574,,
ADANIENSOL.NS,0.46799999475479126,,
ADANIENT.NS,0.5009999871253967,,
ADANIGREEN.NS,0.5239999890327454,,
ADANIPORTS.NS,0.5460000038146973,,
ADANIPOWER.NS,0.5230000019073486,,
ADFFOODS.NS,0.45399999618530273,,
ADL.NS,0.29499998688697815,,
ADORWELD.NS,0.47600001096725464,,
ADROITINFO.NS,0.47200000286102295,,
ADSL.NS,0.35600000619888306,,
ADVANIHOTR.NS,0.4869999885559082,,
ADVENZYMES.NS,0.47600001096725464,,
AEGISLOG.NS,0.531000018119812,,
AEROFLEX.NS,0.42100000381469727,,
AETHER.NS,0.48500001430511475,,
AFCONS.NS,0.4620000123977661,,
AFFLE.NS,0.5170000195503235,,
AFFORDABLE.NS,0.4699999988079071,,
AFIL.NS,0.5270000100135803,,
AFSL.NS,0.4740000069141388,,
AGARIND.NS,0.5170000195503235,,
AGARWALEYE.NS,0.5,,
AGI.NS,0.38600000739097595,,
AGIIL.NS,0.5609999895095825,,
AGRITECH.NS,0.4300000071525574,,
AGROPHOS.NS,0.4880000054836273,,
AGSTRA.NS,0.2809999883174896,,
AHLADA.NS,0.44699999690055847,,
AHLEAST.NS,0.5320000052452087,,
AHLUCONT.NS,0.47999998927116394,,
AIAENG.NS,0.5960000157356262,,
AIIL.NS,0.4020000100135803,,
AIRAN.NS,0.5189999938011169,,
AIROLAM.NS,0.5170000195503235,,
AJANTPHARM.NS,0.49799999594688416,,
AJMERA.NS,0.5230000019073486,,
AJOONI.NS,0.35600000619888306,,
AKASH.NS,0.4869999885559082,,
AKG.NS,0.3919999897480011,,
AKI.NS,0.34599998593330383,,
AKSHAR.NS,0.47999998927116394,,
AKSHARCHEM.NS,0.4230000078678131,,
AKSHOPTFBR.NS,0.5770000219345093,,
AKUMS.NS,0.5410000085830688,,
AKZOINDIA.NS,0.550000011920929,,
ALANKIT.NS,0.4359999895095825,,
ALBERTDAVD.NS,0.49399998784065247,,
ALEMBICLTD.NS,0.4129999876022339,,
ALICON.NS,0.33899998664855957,,
ALIVUS.NS,0.49799999594688416,,
ALKALI.NS,0.5009999871253967,,
ALKEM.NS,0.6079999804496765,,
ALKYLAMINE.NS,0.49399998784065247,,
ALLCARGO.NS,0.3160000145435333,,
ALLDIGI.NS,0.49399998784065247,,
ALMONDZ.NS,0.3490000069141388,,
ALOKINDS.NS,0.4009999930858612,,
ALPA.NS,0.4880000054836273,,
ALPHAGEO.NS,0.45500001311302185,,
ALPSINDUS.NS,0.5130000114440918,,
AMBER.NS,0.531000018119812,,
AMBICAAGAR.NS,0.3970000147819519,,
AMBIKCO.NS,0.43700000643730164,,
AMBUJACEM.NS,0.4560000002384186,,
AMDIND.NS,0.4129999876022339,,
AMIORG.NS,0.47699999809265137,,
AMJLAND.NS,0.48899999260902405,,
AMNPLST.NS,0.48899999260902405,,
AMRUTANJAN.NS,0.44699999690055847,,
ANANDRATHI.NS,0.4390000104904175,,
ANANTRAJ.NS,0.5849999785423279,,
ANDHRAPAP.NS,0.39100000262260437,,
ANDHRSUGAR.NS,0.36500000953674316,,
ANGELONE.NS,0.47699999809265137,,
ANIKINDS.NS,0.3190000057220459,,
ANMOL.NS,0.35600000619888306,,
ANSALAPI.NS,0.7379999756813049,BUY,3.88
ANTGRAPHIC.NS,0.39500001072883606,,
ANUHPHR.NS,0.44600000977516174,,
ANUP.NS,0.5410000085830688,,
ANURAS.NS,0.4860000014305115,,
APARINDS.NS,0.4169999957084656,,
APCL.NS,0.37599998712539673,,
APCOTEXIND.NS,0.42800000309944153,,
APEX.NS,0.5210000276565552,,
APLAPOLLO.NS,0.46000000834465027,,
APLLTD.NS,0.5180000066757202,,
APOLLO.NS,0.4749999940395355,,
APOLLOHOSP.NS,0.42399999499320984,,
APOLLOPIPE.NS,0.34299999475479126,,
APOLLOTYRE.NS,0.5389999747276306,,
APOLSINHOT.NS,0.5419999957084656,,
APTECHT.NS,0.33899998664855957,,
APTUS.NS,0.41200000047683716,,
ARCHIDPLY.NS,0.5170000195503235,,
ARCHIES.NS,0.4129999876022339,,
ARENTERP.NS,0.5199999809265137,,
ARIES.NS,0.47099998593330383,,
ARIHANTCAP.NS,0.4880000054836273,,
ARIHANTSUP.NS,0.4000000059604645,,
ARKADE.NS,0.44200000166893005,,
ARMANFIN.NS,0.43700000643730164,,
AROGRANITE.NS,0.42500001192092896,,
ARROWGREEN.NS,0.4129999876022339,,
ARSHIYA.NS,0.5649999976158142,,
ARTEMISMED.NS,0.4519999921321869,,
ARTNIRMAN.NS,0.4790000021457672,,
ARVEE.NS,0.527999997138977,,
ARVIND.NS,0.4790000021457672,,
ARVINDFASN.NS,0.4480000138282776,,
ARVSMART.NS,0.4000000059604645,,
ASAHIINDIA.NS,0.46799999475479126,,
ASAHISONG.NS,0.49900001287460327,,
ASAL.NS,0.4729999899864197,,
ASALCBR.NS,0.578000009059906,,
ASHAPURMIN.NS,0.35600000619888306,,
ASHIANA.NS,0.6299999952316284,,
ASHIMASYN.NS,0.4830000102519989,,
ASHOKA.NS,0.4359999895095825,,
ASHOKAMET.NS,0.49900001287460327,,
ASHOKLEY.NS,0.43799999356269836,,
ASIANENE.NS,0.3959999978542328,,
ASIANHOTNR.NS,0.492000013589859,,
ASIANPAINT.NS,0.5799999833106995,,
ASIANTILES.NS,0.2930000126361847,,
ASKAUTOLTD.NS,0.5220000147819519,,
ASMS.NS,0.4020000100135803,,
ASPINWALL.NS,0.5090000033378601,,
ASTEC.NS,0.42399999499320984,,
ASTERDM.NS,0.4909999966621399,,
ASTRAL.NS,0.4169999957084656,,
ASTRAMICRO.NS,0.49900001287460327,,
ASTRAZEN.NS,0.47699999809265137,,
ASTRON.NS,0.625,,
ATALREAL.NS,0.6380000114440918,,
ATAM.NS,0.39100000262260437,,
ATGL.NS,0.4350000023841858,,
ATL.NS,0.3400000035762787,,
ATLANTAA.NS,0.4909999966621399,,
ATLASCYCLE.NS,0.503000020980835,,
ATUL.NS,0.6340000033378601,,
ATULAUTO.NS,0.421999990940094,,
AUBANK.NS,0.48500001430511475,,
AURIONPRO.NS,0.4410000145435333,,
AUROPHARMA.NS,0.5210000276565552,,
AURUM.NS,0.45399999618530273,,
AUSOMENT.NS,0.3720000088214874,,
AUTOAXLES.NS,0.49900001287460327,,
AUTOIND.NS,0.4009999930858612,,
AVADHSUGAR.NS,0.43299999833106995,,
AVALON.NS,0.4740000069141388,,
AVANTEL.NS,0.44600000977516174,,
AVANTIFEED.NS,0.6380000114440918,,
AVG.NS,0.38199999928474426,,
AVL.NS,0.49900001287460327,,
AVONMORE.NS,0.4359999895095825,,
AVROIND.NS,0.5210000276565552,,
AVTNPL.NS,0.35600000619888306,,
AWFIS.NS,0.41100001335144043,,
AWHCL.NS,0.4350000023841858,,
AWL.NS,0.44999998807907104,,
AXISBANK.NS,0.5529999732971191,,
AXISCADES.NS,0.5270000100135803,,
AXITA.NS,0.460999995470047,,
AYMSYNTEX.NS,0.32199999690055847,,
AZAD.NS,0.492000013589859,,
BAFNAPH.NS,0.5770000219345093,,
BAGFILMS.NS,0.5220000147819519,,
BAIDFIN.NS,0.39899998903274536,,
BAJAJCON.NS,0.492000013589859,,
BAJAJELEC.NS,0.4189999997615814,,
BAJAJFINSV.NS,0.5090000033378601,,
BAJAJHCARE.NS,0.5839999914169312,,
BAJAJHFL.NS,0.4569999873638153,,
BAJAJHIND.NS,0.3840000033378601,,
BAJAJHLDNG.NS,0.4569999873638153,,
BAJEL.NS,0.42500001192092896,,
BAJFINANCE.NS,0.492000013589859,,
BALAJEE.NS,0.35899999737739563,,
BALAJITELE.NS,0.5130000114440918,,
BALAMINES.NS,0.460999995470047,,
BALAXI.NS,0.44999998807907104,,
BALKRISHNA.NS,0.49900001287460327,,
BALKRISIND.NS,0.5019999742507935,,
BALMLAWRIE.NS,0.4860000014305115,,
BALPHARMA.NS,0.3659999966621399,,
BALRAMCHIN.NS,0.45899999141693115,,
BALUFORGE.NS,0.41600000858306885,,
BANARBEADS.NS,0.4819999933242798,,
BANARISUG.NS,0.4909999966621399,,
BANCOINDIA.NS,0.47699999809265137,,
BANDHANBNK.NS,0.43799999356269836,,
BANG.NS,0.4790000021457672,,
BANKA.NS,0.3930000066757202,,
BANKBARODA.NS,0.4819999933242798,,
BANKINDIA.NS,0.4129999876022339,,
BANSALWIRE.NS,0.5120000243186951,,
BANSWRAS.NS,0.4970000088214874,,
BARBEQUE.NS,0.4399999976158142,,
BASF.NS,0.4309999942779541,,
BASML.NS,0.2540000081062317,,
BATAINDIA.NS,0.37599998712539673,,
BAYERCROP.NS,0.5329999923706055,,
BBL.NS,0.5289999842643738,,
BBOX.NS,0.3440000116825104,,
BBTC.NS,0.4259999990463257,,
BBTCL.NS,0.5230000019073486,,
BCLIND.NS,0.37400001287460327,,
BCONCEPTS.NS,0.4230000078678131,,
BDL.NS,0.5210000276565552,,
BEARDSELL.NS,0.5619999766349792,,
BECTORFOOD.NS,0.5180000066757202,,
BEDMUTHA.NS,0.5099999904632568,,
BEL.NS,0.5379999876022339,,
BEML.NS,0.46000000834465027,,
BEPL.NS,0.4020000100135803,,
BERGEPAINT.NS,0.5680000185966492,,
BESTAGRO.NS,0.5450000166893005,,
BFINVEST.NS,0.4259999990463257,,
BFUTILITIE.NS,0.4180000126361847,,
BGRENERGY.NS,0.5260000228881836,,
BHAGCHEM.NS,0.46399998664855957,,
BHAGERIA.NS,0.4490000009536743,,
BHAGYANGR.NS,0.46000000834465027,,
BHANDARI.NS,0.4650000035762787,,
BHARATFORG.NS,0.4659999907016754,,
BHARATGEAR.NS,0.4749999940395355,,
BHARATRAS.NS,0.5230000019073486,,
BHARATWIRE.NS,0.42100000381469727,,
BHARTIARTL.NS,0.4830000102519989,,
BHARTIHEXA.NS,0.48100000619888306,,
BHEL.NS,0.49900001287460327,,
BIGBLOC.NS,0.4009999930858612,,
BIKAJI.NS,0.5220000147819519,,
BIL.NS,0.5419999957084656,,
BINANIIND.NS,0.40299999713897705,,
BIOCON.NS,0.4169999957084656,,
BIOFILCHEM.NS,0.47699999809265137,,
BIRLACABLE.NS,0.3959999978542328,,
BIRLACORPN.NS,0.48500001430511475,,
BIRLAMONEY.NS,0.5099999904632568,,
BLACKBUCK.NS,0.49000000953674316,,
BLAL.NS,0.42899999022483826,,
BLBLIMITED.NS,0.41999998688697815,,
BLISSGVS.NS,0.4000000059604645,,
BLKASHYAP.NS,0.29600000381469727,,
BLS.NS,0.492000013589859,,
BLSE.NS,0.4519999921321869,,
BLUECHIP.NS,0.5070000290870667,,
BLUECOAST.NS,0.34299999475479126,,
BLUEDART.NS,0.527999997138977,,
BLUEJET.NS,0.6269999742507935,,
BLUESTARCO.NS,0.5379999876022339,,
BODALCHEM.NS,0.4779999852180481,,
BOHRAIND.NS,0.4359999895095825,,
BOMDYEING.NS,0.4000000059604645,,
BOROLTD.NS,0.42899999022483826,,
BORORENEW.NS,0.3499999940395355,,
BOROSCI.NS,0.4659999907016754,,
BOSCHLTD.NS,0.527999997138977,,
BPCL.NS,0.45500001311302185,,
BPL.NS,0.36000001430511475,,
BRIGADE.NS,0.47699999809265137,,
BRITANNIA.NS,0.503000020980835,,
BRNL.NS,0.5249999761581421,,
BROOKS.NS,0.367000013589859,,
BSE.NS,0.35499998927116394,,
BSHSL.NS,0.3409999907016754,,
BSL.NS,0.4779999852180481,,
BSOFT.NS,0.6240000128746033,,
BTML.NS,0.593999981880188,,
BUTTERFLY.NS,0.4740000069141388,,
BVCL.NS,0.4320000112056732,,
BYKE.NS,0.531000018119812,,
CALSOFT.NS,0.5130000114440918,,
CAMLINFINE.NS,0.7519999742507935,BUY,150.55
CAMPUS.NS,0.4690000116825104,,
CAMS.NS,0.5550000071525574,,
CANBK.NS,0.3930000066757202,,
CANFINHOME.NS,0.4970000088214874,,
CANTABIL.NS,0.47600001096725464,,
CAPACITE.NS,0.48399999737739563,,
CAPITALSFB.NS,0.4740000069141388,,
CAPLIPOINT.NS,0.492000013589859,,
CAPTRUST.NS,0.4580000042915344,,
CARBORUNIV.NS,0.5479999780654907,,
CARERATING.NS,0.44999998807907104,,
CARRARO.NS,0.4959999918937683,,
CARTRADE.NS,0.5389999747276306,,
CARYSIL.NS,0.5540000200271606,,
CASTROLIND.NS,0.5540000200271606,,
CCCL.NS,0.39500001072883606,,
CCHHL.NS,0.4480000138282776,,
CCL.NS,0.3540000021457672,,
CDSL.NS,0.44600000977516174,,
CEATLTD.NS,0.5049999952316284,,
CEIGALL.NS,0.48899999260902405,,
CELEBRITY.NS,0.574999988079071,,
CELLO.NS,0.46700000762939453,,
CENTENKA.NS,0.49900001287460327,,
CENTEXT.NS,0.4880000054836273,,
CENTRALBK.NS,0.5299999713897705,,
CENTRUM.NS,0.4740000069141388,,
CENTUM.NS,0.4169999957084656,,
CENTURYPLY.NS,0.39399999380111694,,
CERA.NS,0.48100000619888306,,
CEREBRAINT.NS,0.4909999966621399,,
CESC.NS,0.4699999988079071,,
CEWATER.NS,0.5059999823570251,,
CGCL.NS,0.5600000023841858,,
CGPOWER.NS,0.4699999988079071,,
CHALET.NS,0.5040000081062317,,
CHAMBLFERT.NS,0.49000000953674316,,
CHEMBOND.NS,0.4869999885559082,,
CHEMCON.NS,0.44200000166893005,,
CHEMFAB.NS,0.49000000953674316,,
CHEMPLASTS.NS,0.47099998593330383,,
CHENNPETRO.NS,0.527999997138977,,
CHEVIOT.NS,0.6019999980926514,,
CHOICEIN.NS,0.4830000102519989,,
CHOLAFIN.NS,0.48399999737739563,,
CHOLAHLDNG.NS,0.5130000114440918,,
CIEINDIA.NS,0.49000000953674316,,
CIGNITITEC.NS,0.5799999833106995,,
CINELINE.NS,0.574999988079071,,
CINEVISTA.NS,0.4729999899864197,,
CIPLA.NS,0.4749999940395355,,
CLEAN.NS,0.47699999809265137,,
CLEDUCATE.NS,0.25200000405311584,,
CLSEL.NS,0.5270000100135803,,
CMSINFO.NS,0.5049999952316284,,
COALINDIA.NS,0.5059999823570251,,
COASTCORP.NS,0.47999998927116394,,
COCHINSHIP.NS,0.5239999890327454,,
COFFEEDAY.NS,0.41200000047683716,,
COFORGE.NS,0.5879999995231628,,
COLPAL.NS,0.5870000123977661,,
COMPINFO.NS,0.5239999890327454,,
COMPUSOFT.NS,0.37400001287460327,,
COMSYN.NS,0.4970000088214874,,
CONCOR.NS,0.41999998688697815,,
CONCORDBIO.NS,0.4189999997615814,,
CONFIPET.NS,0.3269999921321869,,
CONSOFINVT.NS,0.46399998664855957,,
CONTROLPR.NS,0.5130000114440918,,
CORALFINAC.NS,0.44999998807907104,,
CORDSCABLE.NS,0.47999998927116394,,
COROMANDEL.NS,0.49900001287460327,,
COSMOFIRST.NS,0.5389999747276306,,
COUNCODOS.NS,0.4699999988079071,,
CRAFTSMAN.NS,0.5559999942779541,,
CREATIVE.NS,0.45100000500679016,,
CREATIVEYE.NS,0.49399998784065247,,
CREDITACC.NS,0.49900001287460327,,
CREST.NS,0.4699999988079071,,
CRISIL.NS,0.5249999761581421,,
CROMPTON.NS,0.5740000009536743,,
CROWN.NS,0.4410000145435333,,
CSBBANK.NS,0.45899999141693115,,
CSLFINANCE.NS,0.453000009059906,,
CTE.NS,0.6259999871253967,,
CUB.NS,0.4519999921321869,,
CUBEXTUB.NS,0.4050000011920929,,
CUMMINSIND.NS,0.5230000019073486,,
CUPID.NS,0.6050000190734863,,
CURAA.NS,0.546999990940094,,
CYBERMEDIA.NS,0.41100001335144043,,
CYBERTECH.NS,0.4950000047683716,,
CYIENT.NS,0.37599998712539673,,
CYIENTDLM.NS,0.39800000190734863,,
DABUR.NS,0.6060000061988831,,
DALBHARAT.NS,0.44699999690055847,,
DALMIASUG.NS,0.4000000059604645,,
DAMCAPITAL.NS,0.4620000123977661,,
DAMODARIND.NS,0.38100001215934753,,
DANGEE.NS,0.29600000381469727,,
DATAMATICS.NS,0.4790000021457672,,
DATAPATTNS.NS,0.4659999907016754,,
DAVANGERE.NS,0.3700000047683716,,
DBCORP.NS,0.49799999594688416,,
DBEIL.NS,0.4099999964237213,,
DBL.NS,0.47699999809265137,,
DBOL.NS,0.40700000524520874,,
DBREALTY.NS,0.39399999380111694,,
DBSTOCKBRO.NS,0.3160000145435333,,
DCAL.NS,0.47999998927116394,,
DCBBANK.NS,0.4480000138282776,,
DCI.NS,0.4860000014305115,,
DCM.NS,0.531000018119812,,
DCMFINSERV.NS,0.4569999873638153,,
DCMNVL.NS,0.47600001096725464,,
DCMSHRIRAM.NS,0.546999990940094,,
DCMSRIND.NS,0.5,,
DCW.NS,0.3919999897480011,,
DCXINDIA.NS,0.3959999978542328,,
DDEVPLSTIK.NS,0.34700000286102295,,
DECCANCE.NS,0.5130000114440918,,
DEEDEV.NS,0.4970000088214874,,
DEEPAKFERT.NS,0.5070000290870667,,
DEEPAKNTR.NS,0.44600000977516174,,
DEEPINDS.NS,0.47099998593330383,,
DELHIVERY.NS,0.4449999928474426,,
DELPHIFX.NS,0.6679999828338623,,
DELTACORP.NS,0.4339999854564667,,
DELTAMAGNT.NS,0.4449999928474426,,
DEN.NS,0.3659999966621399,,
DENORA.NS,0.4189999997615814,,
DENTA.NS,0.4099999964237213,,
DEVIT.NS,0.43299999833106995,,
DEVYANI.NS,0.3529999852180481,,
DGCONTENT.NS,0.5870000123977661,,
DHAMPURSUG.NS,0.41499999165534973,,
DHANBANK.NS,0.3840000033378601,,
DHANI.NS,0.3440000116825104,,
DHANUKA.NS,0.4729999899864197,,
DHARMAJ.NS,0.4429999887943268,,
DHRUV.NS,0.45500001311302185,,
DHUNINV.NS,0.5580000281333923,,
DIACABS.NS,0.4690000116825104,,
DIAMINESQ.NS,0.44200000166893005,,
DIAMONDYD.NS,0.47699999809265137,,
DICIND.NS,0.4880000054836273,,
DIFFNKG.NS,0.460999995470047,,
DIGIDRIVE.NS,0.43299999833106995,,
DIGISPICE.NS,0.3619999885559082,,
DIGJAMLMTD.NS,0.45100000500679016,,
DIL.NS,0.4009999930858612,,
DISHTV.NS,0.3190000057220459,,
DIVGIITTS.NS,0.4740000069141388,,
DIVISLAB.NS,0.4620000123977661,,
DIXON.NS,0.5339999794960022,,
DJML.NS,0.3610000014305115,,
DLF.NS,0.4230000078678131,,
DLINKINDIA.NS,0.49799999594688416,,
DMART.NS,0.5569999814033508,,
DMCC.NS,0.42399999499320984,,
DNAMEDIA.NS,0.39100000262260437,,
DODLA.NS,0.5040000081062317,,
DOLATALGO.NS,0.3109999895095825,,
DOLLAR.NS,0.41100001335144043,,
DOLPHIN.NS,0.5580000281333923,,
DOMS.NS,0.5929999947547913,,
DONEAR.NS,0.4390000104904175,,
DPABHUSHAN.NS,0.39800000190734863,,
DPSCLTD.NS,0.38600000739097595,,
DPWIRES.NS,0.36899998784065247,,
DRCSYSTEMS.NS,0.37599998712539673,,
DREAMFOLKS.NS,0.4000000059604645,,
DREDGECORP.NS,0.4359999895095825,,
DRREDDY.NS,0.46799999475479126,,
DSSL.NS,0.44200000166893005,,
DTIL.NS,0.4269999861717224,,
DUCON.NS,0.44699999690055847,,
DVL.NS,0.4880000054836273,,
DWARKESH.NS,0.3610000014305115,,
DYCL.NS,0.38499999046325684,,
DYNAMATECH.NS,0.46700000762939453,,
DYNPRO.NS,0.4950000047683716,,
EASEMYTRIP.NS,0.4009999930858612,,
ECLERX.NS,0.41999998688697815,,
ECOSMOBLTY.NS,0.49900001287460327,,
EDELWEISS.NS,0.4050000011920929,,
EICHERMOT.NS,0.5379999876022339,,
EIDPARRY.NS,0.4699999988079071,,
EIEL.NS,0.41600000858306885,,
EIFFL.NS,0.5139999985694885,,
EIHAHOTELS.NS,0.4350000023841858,,
EIHOTEL.NS,0.515999972820282,,
EIMCOELECO.NS,0.47200000286102295,,
EKC.NS,0.39899998903274536,,
ELDEHSG.NS,0.5699999928474426,,
ELECON.NS,0.460999995470047,,
ELECTCAST.NS,0.3580000102519989,,
ELECTHERM.NS,0.5920000076293945,,
ELGIEQUIP.NS,0.48399999737739563,,
ELGIRUBCO.NS,0.460999995470047,,
ELIN.NS,0.5099999904632568,,
EMAMILTD.NS,0.48500001430511475,,
EMAMIPAP.NS,0.47999998927116394,,
EMAMIREAL.NS,0.32600000500679016,,
EMBDL.NS,0.3930000066757202,,
EMCURE.NS,0.49900001287460327,,
EMIL.NS,0.31200000643730164,,
EMKAY.NS,0.42899999022483826,,
EMMBI.NS,0.4169999957084656,,
EMSLIMITED.NS,0.4449999928474426,,
EMUDHRA.NS,0.5,,
ENDURANCE.NS,0.5099999904632568,,
ENERGYDEV.NS,0.5059999823570251,,
ENGINERSIN.NS,0.4650000035762787,,
ENIL.NS,0.43799999356269836,,
ENTERO.NS,0.5189999938011169,,
EPACK.NS,0.37400001287460327,,
EPIGRAL.NS,0.5389999747276306,,
EPL.NS,0.460999995470047,,
EQUIPPP.NS,0.5619999766349792,,
EQUITASBNK.NS,0.34700000286102295,,
ERIS.NS,0.5230000019073486,,
ESABINDIA.NS,0.5709999799728394,,
ESAFSFB.NS,0.39800000190734863,,
ESCORTS.NS,0.597000002861023,,
ESSARSHPNG.NS,0.4350000023841858,,
ESSENTIA.NS,0.4169999957084656,,
ESTER.NS,0.41999998688697815,,
ETHOSLTD.NS,0.4729999899864197,,
EUREKAFORB.NS,0.5659999847412109,,
EUROTEXIND.NS,0.5569999814033508,,
EVEREADY.NS,0.4440000057220459,,
EVERESTIND.NS,0.4620000123977661,,
EXCEL.NS,0.5120000243186951,,
EXCELINDUS.NS,0.42899999022483826,,
EXICOM.NS,0.32100000977516174,,
EXIDEIND.NS,0.4009999930858612,,
EXPLEOSOL.NS,0.621999979019165,,
EXXARO.NS,0.4690000116825104,,
FACT.NS,0.41200000047683716,,
FAIRCHEMOR.NS,0.460999995470047,,
FCL.NS,0.38999998569488525,,
FCSSOFT.NS,0.4169999957084656,,
FDC.NS,0.5709999799728394,,
FEDERALBNK.NS,0.5019999742507935,,
FEDFINA.NS,0.45899999141693115,,
FEL.NS,0.8009999990463257,BUY,0.55
FELDVR.NS,0.5180000066757202,,
FIBERWEB.NS,0.4830000102519989,,
FIEMIND.NS,0.5080000162124634,,
FILATEX.NS,0.3709999918937683,,
FILATFASH.NS,0.5139999985694885,,
FINCABLES.NS,0.45100000500679016,,
FINEORG.NS,0.4699999988079071,,
FINOPB.NS,0.4690000116825104,,
FINPIPE.NS,0.4300000071525574,,
FIRSTCRY.NS,0.44999998807907104,,
FIVESTAR.NS,0.4860000014305115,,
FLAIR.NS,0.4059999883174896,,
FLEXITUFF.NS,0.5870000123977661,,
FLFL.NS,0.6600000262260437,,
FLUOROCHEM.NS,0.47099998593330383,,
FMGOETZE.NS,0.4390000104904175,,
FMNL.NS,0.35499998927116394,,
FOCUS.NS,0.39100000262260437,,
FOODSIN.NS,0.3959999978542328,,
FORCEMOT.NS,0.43299999833106995,,
FORTIS.NS,0.49900001287460327,,
FOSECOIND.NS,0.6520000100135803,,
FSC.NS,0.4740000069141388,,
FSL.NS,0.4480000138282776,,
FUSION.NS,0.45899999141693115,,
GABRIEL.NS,0.5130000114440918,,
GAEL.NS,0.48899999260902405,,
GAIL.NS,0.4880000054836273,,
GALAPREC.NS,0.4580000042915344,,
GALAXYSURF.NS,0.4480000138282776,,
GALLANTT.NS,0.5429999828338623,,
GANDHAR.NS,0.42399999499320984,,
GANDHITUBE.NS,0.5590000152587891,,
GANECOS.NS,0.4690000116825104,,
GANESHBE.NS,0.4399999976158142,,
GANESHHOUC.NS,0.4970000088214874,,
GANGAFORGE.NS,0.5519999861717224,,
GANGESSECU.NS,0.43700000643730164,,
GARFIBRES.NS,0.5109999775886536,,
GARUDA.NS,0.4650000035762787,,
GATECH.NS,0.531000018119812,,
GATECHDVR.NS,0.5540000200271606,,
GATEWAY.NS,0.34700000286102295,,
GAYAHWS.NS,0.5659999847412109,,
GAYAPROJ.NS,0.46399998664855957,,
GEECEE.NS,0.5239999890327454,,
GEEKAYWIRE.NS,0.4620000123977661,,
GENCON.NS,0.25699999928474426,,
GENESYS.NS,0.5450000166893005,,
GENSOL.NS,0.7459999918937683,BUY,162.89
GENUSPAPER.NS,0.46700000762939453,,
GENUSPOWER.NS,0.43299999833106995,,
GEOJITFSL.NS,0.29600000381469727,,
GEPIL.NS,0.46799999475479126,,
GESHIP.NS,0.5649999976158142,,
GFLLIMITED.NS,0.37400001287460327,,
GHCL.NS,0.3569999933242798,,
GHCLTEXTIL.NS,0.46799999475479126,,
GICHSGFIN.NS,0.44699999690055847,,
GICRE.NS,0.5139999985694885,,
GILLANDERS.NS,0.46000000834465027,,
GILLETTE.NS,0.4189999997615814,,
GINNIFILA.NS,0.4399999976158142,,
GIPCL.NS,0.41200000047683716,,
GKWLIMITED.NS,0.39800000190734863,,
GLAND.NS,0.527999997138977,,
GLAXO.NS,0.5519999861717224,,
GLENMARK.NS,0.492000013589859,,
GLFL.NS,0.6060000061988831,,
GLOBAL.NS,0.45500001311302185,,
GLOBALE.NS,0.4749999940395355,,
GLOBALVECT.NS,0.49900001287460327,,
GLOBE.NS,0.4009999930858612,,
GLOBUSSPR.NS,0.46000000834465027,,
GLOSTERLTD.NS,0.5180000066757202,,
GMBREW.NS,0.4410000145435333,,
GMDCLTD.NS,0.4189999997615814,,
GMMPFAUDLR.NS,0.4259999990463257,,
GMRAIRPORT.NS,0.47999998927116394,,
GNA.NS,0.5400000214576721,,
GNFC.NS,0.4390000104904175,,
GOACARBON.NS,0.5019999742507935,,
GOCLCORP.NS,0.3790000081062317,,
GOCOLORS.NS,0.46799999475479126,,
GODAVARIB.NS,0.4339999854564667,,
GODFRYPHLP.NS,0.4580000042915344,,
GODHA.NS,0.7369999885559082,BUY,0.73
GODIGIT.NS,0.43700000643730164,,
GODREJAGRO.NS,0.45399999618530273,,
GODREJCP.NS,0.5289999842643738,,
GODREJIND.NS,0.5230000019073486,,
GODREJPROP.NS,0.4740000069141388,,
GOENKA.NS,0.5149999856948853,,
GOKEX.NS,0.4779999852180481,,
GOKUL.NS,0.4569999873638153,,
GOKULAGRO.NS,0.3109999895095825,,
GOLDENTOBC.NS,0.5220000147819519,,
GOLDIAM.NS,0.6769999861717224,,
GOLDTECH.NS,0.3050000071525574,,
GOODLUCK.NS,0.4020000100135803,,
GOPAL.NS,0.4259999990463257,,
GOYALALUM.NS,0.5519999861717224,,
GPIL.NS,0.46299999952316284,,
GPPL.NS,0.46799999475479126,,
GPTHEALTH.NS,0.48399999737739563,,
GPTINFRA.NS,0.375,,
GRANULES.NS,0.5260000228881836,,
GRAPHITE.NS,0.5080000162124634,,
GRASIM.NS,0.460999995470047,,
GRAVITA.NS,0.5049999952316284,,
GREAVESCOT.NS,0.46700000762939453,,
GREENLAM.NS,0.5009999871253967,,
GREENPANEL.NS,0.4300000071525574,,
GREENPLY.NS,0.4950000047683716,,
GREENPOWER.NS,0.3330000042915344,,
GRINDWELL.NS,0.5479999780654907,,
GRINFRA.NS,0.4020000100135803,,
GRMOVER.NS,0.5090000033378601,,
GROBTEA.NS,0.4970000088214874,,
GRPLTD.NS,0.3700000047683716,,
GRSE.NS,0.5130000114440918,,
GRWRHITECH.NS,0.4410000145435333,,
GSFC.NS,0.414000004529953,,
GSLSU.NS,0.4749999940395355,,
GSPL.NS,0.42100000381469727,,
GSS.NS,0.45399999618530273,,
GTECJAINX.NS,0.5640000104904175,,
GTL.NS,0.4429999887943268,,
GTLINFRA.NS,0.32100000977516174,,
GTPL.NS,0.4830000102519989,,
GUFICBIO.NS,0.4449999928474426,,
GUJALKALI.NS,0.41499999165534973,,
GUJAPOLLO.NS,0.4230000078678131,,
GUJGASLTD.NS,0.49399998784065247,,
GUJRAFFIA.NS,0.4909999966621399,,
GULFOILLUB.NS,0.5260000228881836,,
GULFPETRO.NS,0.36800000071525574,,
GULPOLY.NS,0.46799999475479126,,
GVKPIL.NS,0.5789999961853027,,
GVPTECH.NS,0.29100000858306885,,
HAL.NS,0.4650000035762787,,
HAPPSTMNDS.NS,0.5509999990463257,,
HAPPYFORGE.NS,0.4950000047683716,,
HARDWYN.NS,0.3580000102519989,,
HARIOMPIPE.NS,0.48100000619888306,,
HARRMALAYA.NS,0.47200000286102295,,
HARSHA.NS,0.460999995470047,,
HATHWAY.NS,0.4180000126361847,,
HATSUN.NS,0.5529999732971191,,
HAVELLS.NS,0.5410000085830688,,
HAVISHA.NS,0.6990000009536743,,
HBLENGINE.NS,0.37700000405311584,,
HBSL.NS,0.44600000977516174,,
HCC.NS,0.37599998712539673,,
HCG.NS,0.5099999904632568,,
HCLTECH.NS,0.5609999895095825,,
HDFCAMC.NS,0.5429999828338623,,
HDFCBANK.NS,0.48899999260902405,,
HDFCLIFE.NS,0.5019999742507935,,
HDIL.NS,0.4480000138282776,,
HEADSUP.NS,0.4320000112056732,,
HECPROJECT.NS,0.5730000138282776,,
HEG.NS,0.5189999938011169,,
HEIDELBERG.NS,0.4449999928474426,,
HEMIPROP.NS,0.37400001287460327,,
HERANBA.NS,0.31299999356269836,,
HERCULES.NS,0.47600001096725464,,
HERITGFOOD.NS,0.453000009059906,,
HEROMOTOCO.NS,0.5550000071525574,,
HESTERBIO.NS,0.28999999165534973,,
HEUBACHIND.NS,0.6119999885559082,,
HEXATRADEX.NS,0.5249999761581421,,
HFCL.NS,0.43299999833106995,,
HGINFRA.NS,0.4650000035762787,,
HGS.NS,0.5170000195503235,,
HIKAL.NS,0.5049999952316284,,
HIL.NS,0.4569999873638153,,
HILTON.NS,0.3619999885559082,,
HIMATSEIDE.NS,0.48899999260902405,,
HINDALCO.NS,0.5249999761581421,,
HINDCOMPOS.NS,0.4519999921321869,,
HINDCON.NS,0.3930000066757202,,
HINDCOPPER.NS,0.4749999940395355,,
HINDMOTORS.NS,0.3619999885559082,,
HINDNATGLS.NS,0.5889999866485596,,
HINDOILEXP.NS,0.4519999921321869,,
HINDPETRO.NS,0.47999998927116394,,
HINDUNILVR.NS,0.5299999713897705,,
HINDWAREAP.NS,0.421999990940094,,
HINDZINC.NS,0.5720000267028809,,
HIRECT.NS,0.49799999594688416,,
HISARMETAL.NS,0.49399998784065247,,
HITECH.NS,0.453000009059906,,
HITECHCORP.NS,0.48500001430511475,,
HITECHGEAR.NS,0.42800000309944153,,
HLEGLAS.NS,0.3479999899864197,,
HLVLTD.NS,0.3630000054836273,,
HMAAGRO.NS,0.4569999873638153,,
HMT.NS,0.44200000166893005,,
HMVL.NS,0.4699999988079071,,
HNDFDS.NS,0.515999972820282,,
HOMEFIRST.NS,0.5389999747276306,,
HONASA.NS,0.4729999899864197,,
HONAUT.NS,0.5139999985694885,,
HONDAPOWER.NS,0.4909999966621399,,
HOVS.NS,0.37400001287460327,,
HPAL.NS,0.2980000078678131,,
HPIL.NS,0.5370000004768372,,
HPL.NS,0.4560000002384186,,
HSCL.NS,0.41600000858306885,,
HTMEDIA.NS,0.5019999742507935,,
HUBTOWN.NS,0.3700000047683716,,
HUDCO.NS,0.46000000834465027,,
HUHTAMAKI.NS,0.4129999876022339,,
HYBRIDFIN.NS,0.40299999713897705,,
HYUNDAI.NS,0.414000004529953,,
ICDSLTD.NS,0.503000020980835,,
ICEMAKE.NS,0.5270000100135803,,
ICICIBANK.NS,0.5149999856948853,,
ICICIGI.NS,0.4830000102519989,,
ICICIPRULI.NS,0.5400000214576721,,
ICIL.NS,0.41600000858306885,,
ICRA.NS,0.531000018119812,,
IDBI.NS,0.47600001096725464,,
IDEA.NS,0.29499998688697815,,
IDEAFORGE.NS,0.4359999895095825,,
IDFCFIRSTB.NS,0.39100000262260437,,
IEL.NS,0.5099999904632568,,
IEX.NS,0.45899999141693115,,
IFBAGRO.NS,0.42399999499320984,,
IFBIND.NS,0.4569999873638153,,
IFCI.NS,0.3529999852180481,,
IFGLEXPOR.NS,0.4490000009536743,,
IGARASHI.NS,0.5809999704360962,,
IGIL.NS,0.3580000102519989,,
IGL.NS,0.453000009059906,,
IGPL.NS,0.44999998807907104,,
IIFL.NS,0.45100000500679016,,
IIFLCAPS.NS,0.5299999713897705,,
IITL.NS,0.5299999713897705,,
IKIO.NS,0.4729999899864197,,
IKS.NS,0.3930000066757202,,
IMAGICAA.NS,0.4399999976158142,,
IMFA.NS,0.47600001096725464,,
IMPAL.NS,0.5019999742507935,,
IMPEXFERRO.NS,0.4830000102519989,,
INCREDIBLE.NS,0.4749999940395355,,
INDBANK.NS,0.4860000014305115,,
INDGN.NS,0.42399999499320984,,
INDHOTEL.NS,0.5080000162124634,,
INDIACEM.NS,0.41100001335144043,,
INDIAGLYCO.NS,0.4440000057220459,,
INDIAMART.NS,0.42500001192092896,,
INDIANB.NS,0.5070000290870667,,
INDIANCARD.NS,0.5080000162124634,,
INDIANHUME.NS,0.421999990940094,,
INDIASHLTR.NS,0.5249999761581421,,
INDIGO.NS,0.5230000019073486,,
INDIGOPNTS.NS,0.4699999988079071,,
INDNIPPON.NS,0.5320000052452087,,
INDOAMIN.NS,0.4699999988079071,,
INDOBORAX.NS,0.5070000290870667,,
INDOCO.NS,0.4230000078678131,,
INDOFARM.NS,0.367000013589859,,
INDORAMA.NS,0.4090000092983246,,
INDOSTAR.NS,0.453000009059906,,
INDOTECH.NS,0.5249999761581421,,
INDOTHAI.NS,0.5360000133514404,,
INDOUS.NS,0.4399999976158142,,
INDOWIND.NS,0.46799999475479126,,
INDRAMEDCO.NS,0.4339999854564667,,
INDSWFTLAB.NS,0.3790000081062317,,
INDSWFTLTD.NS,0.4269999861717224,,
INDTERRAIN.NS,0.421999990940094,,
INDUSINDBK.NS,0.35899999737739563,,
INDUSTOWER.NS,0.4749999940395355,,
INFIBEAM.NS,0.3499999940395355,,
INFOBEAN.NS,0.4830000102519989,,
INFOMEDIA.NS,0.47999998927116394,,
INFY.NS,0.4970000088214874,,
INGERRAND.NS,0.5699999928474426,,
INNOVACAP.NS,0.49900001287460327,,
INNOVANA.NS,0.41200000047683716,,
INOXGREEN.NS,0.48500001430511475,,
INOXINDIA.NS,0.5299999713897705,,
INOXWIND.NS,0.41600000858306885,,
INSECTICID.NS,0.5019999742507935,,
INSPIRISYS.NS,0.43799999356269836,,
INTELLECT.NS,0.47999998927116394,,
INTENTECH.NS,0.4020000100135803,,
INTERARCH.NS,0.4429999887943268,,
INTLCONV.NS,0.48500001430511475,,
INVENTURE.NS,0.3160000145435333,,
IOB.NS,0.5799999833106995,,
IOC.NS,0.4580000042915344,,
IOLCP.NS,0.42500001192092896,,
IONEXCHANG.NS,0.44200000166893005,,
IPCALAB.NS,0.5249999761581421,,
IPL.NS,0.4970000088214874,,
IRB.NS,0.3269999921321869,,
IRCON.NS,0.460999995470047,,
IRCTC.NS,0.42800000309944153,,
IREDA.NS,0.4480000138282776,,
IRFC.NS,0.48899999260902405,,
IRIS.NS,0.5759999752044678,,
IRISDOREME.NS,0.4129999876022339,,
IRMENERGY.NS,0.35199999809265137,,
ISFT.NS,0.48399999737739563,,
ISGEC.NS,0.4580000042915344,,
ITC.NS,0.5490000247955322,,
ITCHOTELS.NS,0.48899999260902405,,
ITDC.NS,0.5009999871253967,,
ITDCEM.NS,0.6380000114440918,,
ITI.NS,0.3919999897480011,,
IVC.NS,0.41100001335144043,,
IVP.NS,0.4429999887943268,,
IWEL.NS,0.49300000071525574,,
IXIGO.NS,0.40400001406669617,,
IZMO.NS,0.45500001311302185,,
JAGRAN.NS,0.4580000042915344,,
JAGSNPHARM.NS,0.41200000047683716,,
JAIBALAJI.NS,0.4180000126361847,,
JAICORPLTD.NS,0.35899999737739563,,
JAIPURKURT.NS,0.48100000619888306,,
JAMNAAUTO.NS,0.42800000309944153,,
JASH.NS,0.4909999966621399,,
JAYAGROGN.NS,0.4830000102519989,,
JAYBARMARU.NS,0.41600000858306885,,
JAYNECOIND.NS,0.4480000138282776,,
JAYSREETEA.NS,0.453000009059906,,
JBCHEPHARM.NS,0.4650000035762787,,
JBMA.NS,0.47200000286102295,,
JCHAC.NS,0.4959999918937683,,
JETFREIGHT.NS,0.49399998784065247,,
JGCHEM.NS,0.4830000102519989,,
JHS.NS,0.5400000214576721,,
JINDALPHOT.NS,0.531000018119812,,
JINDALPOLY.NS,0.4659999907016754,,
JINDALSAW.NS,0.492000013589859,,
JINDALSTEL.NS,0.5440000295639038,,
JINDRILL.NS,0.5649999976158142,,
JINDWORLD.NS,0.29899999499320984,,
JIOFIN.NS,0.4050000011920929,,
JISLDVREQS.NS,0.5,,
JISLJALEQS.NS,0.3709999918937683,,
JITFINFRA.NS,0.48899999260902405,,
JKCEMENT.NS,0.46299999952316284,,
JKIL.NS,0.4480000138282776,,
JKLAKSHMI.NS,0.47099998593330383,,
JKPAPER.NS,0.4699999988079071,,
JKTYRE.NS,0.5210000276565552,,
JLHL.NS,0.5559999942779541,,
JMA.NS,0.4869999885559082,,
JMFINANCIL.NS,0.38600000739097595,,
JNKINDIA.NS,0.460999995470047,,
JOCIL.NS,0.4779999852180481,,
JPASSOCIAT.NS,0.515999972820282,,
JPOLYINVST.NS,0.5479999780654907,,
JPPOWER.NS,0.3790000081062317,,
JSFB.NS,0.48100000619888306,,
JSL.NS,0.5109999775886536,,
JSWENERGY.NS,0.5519999861717224,,
JSWHL.NS,0.4230000078678131,,
JSWINFRA.NS,0.4740000069141388,,
JSWSTEEL.NS,0.5289999842643738,,
JTEKTINDIA.NS,0.4740000069141388,,
JTLIND.NS,0.41499999165534973,,
JUBLFOOD.NS,0.4620000123977661,,
JUBLINGREA.NS,0.46000000834465027,,
JUBLPHARMA.NS,0.4569999873638153,,
JUNIPER.NS,0.46700000762939453,,
JUSTDIAL.NS,0.45899999141693115,,
JWL.NS,0.4300000071525574,,
JYOTHYLAB.NS,0.5730000138282776,,
JYOTICNC.NS,0.5540000200271606,,
JYOTISTRUC.NS,0.4410000145435333,,
KABRAEXTRU.NS,0.5950000286102295,,
KAJARIACER.NS,0.5400000214576721,,
KAKATCEM.NS,0.41100001335144043,,
KALAMANDIR.NS,0.4189999997615814,,
KALYANIFRG.NS,0.5540000200271606,,
KALYANKJIL.NS,0.38999998569488525,,
KAMATHOTEL.NS,0.5860000252723694,,
KAMOPAINTS.NS,0.5099999904632568,,
KANANIIND.NS,0.5220000147819519,,
KANORICHEM.NS,0.46000000834465027,,
KANPRPLA.NS,0.4950000047683716,,
KANSAINER.NS,0.4880000054836273,,
KAPSTON.NS,0.515999972820282,,
KARMAENG.NS,0.5199999809265137,,
KARURVYSYA.NS,0.4830000102519989,,
KAUSHALYA.NS,0.4819999933242798,,
KAVVERITEL.NS,0.3479999899864197,,
KAYA.NS,0.4449999928474426,,
KAYNES.NS,0.5379999876022339,,
KBCGLOBAL.NS,0.8040000200271606,BUY,0.54
KCP.NS,0.44200000166893005,,
KCPSUGIND.NS,0.41100001335144043,,
KDDL.NS,0.5879999995231628,,
KEC.NS,0.45899999141693115,,
KECL.NS,0.40400001406669617,,
KEEPLEARN.NS,0.6269999742507935,,
KEI.NS,0.6159999966621399,,
KELLTONTEC.NS,0.414000004529953,,
KERNEX.NS,0.37400001287460327,,
KESORAMIND.NS,0.6869999766349792,,
KEYFINSERV.NS,0.3919999897480011,,
KFINTECH.NS,0.5329999923706055,,
KHADIM.NS,0.5090000033378601,,
KHAICHEM.NS,0.4099999964237213,,
KHAITANLTD.NS,0.40799999237060547,,
KHANDSE.NS,0.4819999933242798,,
KICL.NS,0.43799999356269836,,
KILITCH.NS,0.5099999904632568,,
KIMS.NS,0.5149999856948853,,
KINGFA.NS,0.453000009059906,,
KIOCL.NS,0.35899999737739563,,
KIRIINDUS.NS,0.49900001287460327,,
KIRLOSBROS.NS,0.4830000102519989,,
KIRLOSENG.NS,0.4519999921321869,,
KIRLOSIND.NS,0.5580000281333923,,
KIRLPNU.NS,0.5389999747276306,,
KITEX.NS,0.4749999940395355,,
KKCL.NS,0.5230000019073486,,
KMEW.NS,0.5120000243186951,,
KMSUGAR.NS,0.4779999852180481,,
KNRCON.NS,0.4569999873638153,,
KOHINOOR.NS,0.367000013589859,,
KOKUYOCMLN.NS,0.4440000057220459,,
KOLTEPATIL.NS,0.5009999871253967,,
KOPRAN.NS,0.42100000381469727,,
KOTAKBANK.NS,0.5180000066757202,,
KOTARISUG.NS,0.43700000643730164,,
KOTHARIPET.NS,0.4519999921321869,,
KOTHARIPRO.NS,0.47099998593330383,,
KPEL.NS,0.40299999713897705,,
KPIGREEN.NS,0.4309999942779541,,
KPIL.NS,0.5009999871253967,,
KPITTECH.NS,0.5019999742507935,,
KPRMILL.NS,0.5009999871253967,,
KRBL.NS,0.4729999899864197,,
KREBSBIO.NS,0.46700000762939453,,
KRIDHANINF.NS,0.4880000054836273,,
KRISHANA.NS,0.47699999809265137,,
KRITI.NS,0.41999998688697815,,
KRITIKA.NS,0.47099998593330383,,
KRITINUT.NS,0.43799999356269836,,
KRN.NS,0.4189999997615814,,
KRONOX.NS,0.3610000014305115,,
KROSS.NS,0.5400000214576721,,
KRSNAA.NS,0.5210000276565552,,
KRYSTAL.NS,0.49000000953674316,,
KSB.NS,0.5580000281333923,,
KSCL.NS,0.49000000953674316,,
KSHITIJPOL.NS,0.5770000219345093,,
KSL.NS,0.4490000009536743,,
KSOLVES.NS,0.4429999887943268,,
KTKBANK.NS,0.4790000021457672,,
KUANTUM.NS,0.47099998593330383,,
LAGNAM.NS,0.5059999823570251,,
LAKPRE.NS,0.4180000126361847,,
LAL.NS,0.3199999928474426,,
LALPATHLAB.NS,0.4580000042915344,,
LAMBODHARA.NS,0.4009999930858612,,
LANCORHOL.NS,0.43700000643730164,,
LANDMARK.NS,0.4059999883174896,,
LAOPALA.NS,0.4359999895095825,,
LASA.NS,0.4519999921321869,,
LATENTVIEW.NS,0.4129999876022339,,
LATTEYS.NS,0.4950000047683716,,
LAURUSLABS.NS,0.515999972820282,,
LAXMICOT.NS,0.4860000014305115,,
LAXMIDENTL.NS,0.5720000267028809,,
LCCINFOTEC.NS,0.32899999618530273,,
LEMONTREE.NS,0.4480000138282776,,
LEXUS.NS,0.39100000262260437,,
LFIC.NS,0.4519999921321869,,
LGBBROSLTD.NS,0.5460000038146973,,
LGHL.NS,0.5870000123977661,,
LIBAS.NS,0.37400001287460327,,
LIBERTSHOE.NS,0.4359999895095825,,
LICHSGFIN.NS,0.4959999918937683,,
LICI.NS,0.46299999952316284,,
LIKHITHA.NS,0.4869999885559082,,
LINC.NS,0.5009999871253967,,
LINCOLN.NS,0.421999990940094,,
LINDEINDIA.NS,0.5260000228881836,,
LLOYDSENGG.NS,0.3630000054836273,,
LLOYDSENT.NS,0.35199999809265137,,
LLOYDSME.NS,0.5,,
LMW.NS,0.5509999990463257,,
LODHA.NS,0.47200000286102295,,
LOKESHMACH.NS,0.3709999918937683,,
LORDSCHLO.NS,0.4740000069141388,,
LOTUSEYE.NS,0.39899998903274536,,
LOVABLE.NS,0.4480000138282776,,
LOYALTEX.NS,0.367000013589859,,
LPDC.NS,0.4699999988079071,,
LT.NS,0.5680000185966492,,
LTF.NS,0.5,,
LTFOODS.NS,0.5149999856948853,,
LTIM.NS,0.5690000057220459,,
LTTS.NS,0.4099999964237213,,
LUMAXIND.NS,0.4009999930858612,,
LUMAXTECH.NS,0.5009999871253967,,
LUPIN.NS,0.47200000286102295,,
LUXIND.NS,0.4449999928474426,,
LXCHEM.NS,0.43700000643730164,,
LYKALABS.NS,0.41100001335144043,,
LYPSAGEMS.NS,0.453000009059906,,
MAANALU.NS,0.4410000145435333,,
MACPOWER.NS,0.2840000092983246,,
MADHAV.NS,0.5139999985694885,,
MADHUCON.NS,0.48399999737739563,,
MADRASFERT.NS,0.47999998927116394,,
MAGADSUGAR.NS,0.38199999928474426,,
MAGNUM.NS,0.40700000524520874,,
MAHABANK.NS,0.41499999165534973,,
MAHAPEXLTD.NS,0.4909999966621399,,
MAHASTEEL.NS,0.5260000228881836,,
MAHEPC.NS,0.42899999022483826,,
MAHESHWARI.NS,0.4690000116825104,,
MAHLIFE.NS,0.4860000014305115,,
MAHLOG.NS,0.40400001406669617,,
MAHSCOOTER.NS,0.49300000071525574,,
MAHSEAMLES.NS,0.5080000162124634,,
MAITHANALL.NS,0.5630000233650208,,
MALLCOM.NS,0.4909999966621399,,
MALUPAPER.NS,0.45100000500679016,,
MAMATA.NS,0.46799999475479126,,
MANAKALUCO.NS,0.3880000114440918,,
MANAKCOAT.NS,0.44699999690055847,,
MANAKSIA.NS,0.4390000104904175,,
MANAKSTEEL.NS,0.4300000071525574,,
MANALIPETC.NS,0.4230000078678131,,
MANAPPURAM.NS,0.5450000166893005,,
MANBA.NS,0.5109999775886536,,
MANCREDIT.NS,0.5210000276565552,,
MANGALAM.NS,0.4059999883174896,,
MANGCHEFER.NS,0.43299999833106995,,
MANGLMCEM.NS,0.4339999854564667,,
MANINDS.NS,0.421999990940094,,
MANINFRA.NS,0.38199999928474426,,
MANKIND.NS,0.42800000309944153,,
MANOMAY.NS,0.5189999938011169,,
MANORAMA.NS,0.5649999976158142,,
MANORG.NS,0.46399998664855957,,
MANUGRAPH.NS,0.4050000011920929,,
MANYAVAR.NS,0.3529999852180481,,
MAPMYINDIA.NS,0.4880000054836273,,
MARALOVER.NS,0.453000009059906,,
MARATHON.NS,0.4320000112056732,,
MARICO.NS,0.5509999990463257,,
MARINE.NS,0.4740000069141388,,
MARKSANS.NS,0.4320000112056732,,
MARSHALL.NS,0.5149999856948853,,
MARUTI.NS,0.5580000281333923,,
MASFIN.NS,0.5059999823570251,,
MASKINVEST.NS,0.5299999713897705,,
MASTEK.NS,0.4189999997615814,,
MASTERTR.NS,0.4169999957084656,,
MATRIMONY.NS,0.46799999475479126,,
MAWANASUG.NS,0.41499999165534973,,
MAXESTATES.NS,0.40299999713897705,,
MAXHEALTH.NS,0.5139999985694885,,
MAXIND.NS,0.4350000023841858,,
MAYURUNIQ.NS,0.5360000133514404,,
MAZDA.NS,0.5109999775886536,,
MAZDOCK.NS,0.5299999713897705,,
MBAPL.NS,0.5170000195503235,,
MBLINFRA.NS,0.32100000977516174,,
MCL.NS,0.45899999141693115,,
MCLEODRUSS.NS,0.4050000011920929,,
MCLOUD.NS,0.39100000262260437,,
MCX.NS,0.5519999861717224,,
MEDANTA.NS,0.5130000114440918,,
MEDIASSIST.NS,0.3970000147819519,,
MEDICAMEQ.NS,0.4090000092983246,,
MEDICO.NS,0.4359999895095825,,
MEDPLUS.NS,0.4690000116825104,,
MEGASOFT.NS,0.46299999952316284,,
MEGASTAR.NS,0.43299999833106995,,
MENONBE.NS,0.48500001430511475,,
MEP.NS,0.3630000054836273,,
METROBRAND.NS,0.46000000834465027,,
METROPOLIS.NS,0.48500001430511475,,
MFML.NS,0.37299999594688416,,
MFSL.NS,0.5609999895095825,,
MGEL.NS,0.38600000739097595,,
MGL.NS,0.4860000014305115,,
MHLXMIRU.NS,0.4169999957084656,,
MHRIL.NS,0.503000020980835,,
MICEL.NS,0.43700000643730164,,
MIDHANI.NS,0.47999998927116394,,
MINDACORP.NS,0.47699999809265137,,
MINDTECK.NS,0.3799999952316284,,
MIRCELECTR.NS,0.4259999990463257,,
MIRZAINT.NS,0.4259999990463257,,
MITCON.NS,0.3580000102519989,,
MITTAL.NS,0.4300000071525574,,
MKPL.NS,0.335999995470047,,
MMFL.NS,0.4819999933242798,,
MMP.NS,0.3240000009536743,,
MMTC.NS,0.3490000069141388,,
MOBIKWIK.NS,0.44699999690055847,,
MODIRUBBER.NS,0.4410000145435333,,
MODISONLTD.NS,0.4390000104904175,,
MODTHREAD.NS,0.4519999921321869,,
MOHITIND.NS,0.5130000114440918,,
MOIL.NS,0.46000000834465027,,
MOKSH.NS,0.39500001072883606,,
MOL.NS,0.414000004529953,,
MOLDTECH.NS,0.3330000042915344,,
MOLDTKPAC.NS,0.45500001311302185,,
MONARCH.NS,0.44200000166893005,,
MONTECARLO.NS,0.46399998664855957,,
MORARJEE.NS,0.6420000195503235,,
MOREPENLAB.NS,0.3330000042915344,,
MOSCHIP.NS,0.5,,
MOTHERSON.NS,0.38499999046325684,,
MOTILALOFS.NS,0.4729999899864197,,
MOTISONS.NS,0.34700000286102295,,
MOTOGENFIN.NS,0.5490000247955322,,
MPHASIS.NS,0.4880000054836273,,
MPSLTD.NS,0.5870000123977661,,
MRF.NS,0.49900001287460327,,
MRPL.NS,0.4860000014305115,,
MSPL.NS,0.3199999928474426,,
MSTCLTD.NS,0.4620000123977661,,
MSUMI.NS,0.4519999921321869,,
MTARTECH.NS,0.44600000977516174,,
MTEDUCARE.NS,0.3700000047683716,,
MTNL.NS,0.47099998593330383,,
MUFIN.NS,0.4180000126361847,,
MUFTI.NS,0.4560000002384186,,
MUKANDLTD.NS,0.33000001311302185,,
MUKKA.NS,0.35199999809265137,,
MUKTAARTS.NS,0.4560000002384186,,
MUNJALAU.NS,0.4779999852180481,,
MUNJALSHOW.NS,0.45100000500679016,,
MURUDCERA.NS,0.5090000033378601,,
MUTHOOTCAP.NS,0.5299999713897705,,
MUTHOOTFIN.NS,0.5059999823570251,,
MUTHOOTMF.NS,0.43299999833106995,,
MVGJL.NS,0.4560000002384186,,
NACLIND.NS,0.5049999952316284,,
NAGAFERT.NS,0.44999998807907104,,
NAGREEKCAP.NS,0.48100000619888306,,
NAGREEKEXP.NS,0.5059999823570251,,
NAHARCAP.NS,0.47600001096725464,,
NAHARINDUS.NS,0.5059999823570251,,
NAHARPOLY.NS,0.42800000309944153,,
NAHARSPING.NS,0.44200000166893005,,
NARMADA.NS,0.5139999985694885,,
NATCOPHARM.NS,0.5289999842643738,,
NATHBIOGEN.NS,0.46299999952316284,,
NATIONALUM.NS,0.6970000267028809,,
NAUKRI.NS,0.42100000381469727,,
NAVA.NS,0.4359999895095825,,
NAVINFLUOR.NS,0.5070000290870667,,
NAVKARCORP.NS,0.4059999883174896,,
NAVKARURB.NS,0.32899999618530273,,
NAVNETEDUL.NS,0.4819999933242798,,
NAZARA.NS,0.550000011920929,,
NBCC.NS,0.4970000088214874,,
NBIFIN.NS,0.48500001430511475,,
NCC.NS,0.42100000381469727,,
NCLIND.NS,0.4569999873638153,,
NDGL.NS,0.41100001335144043,,
NDL.NS,0.3070000112056732,,
NDLVENTURE.NS,0.44999998807907104,,
NDRAUTO.NS,0.5490000247955322,,
NDTV.NS,0.4650000035762787,,
NECCLTD.NS,0.36899998784065247,,
NECLIFE.NS,0.30799999833106995,,
NELCAST.NS,0.38999998569488525,,
NELCO.NS,0.453000009059906,,
NEOGEN.NS,0.45399999618530273,,
NESCO.NS,0.5149999856948853,,
NESTLEIND.NS,0.6370000243186951,,
NETWEB.NS,0.35899999737739563,,
NEULANDLAB.NS,0.32499998807907104,,
NEWGEN.NS,0.4090000092983246,,
NEXTMEDIA.NS,0.6129999756813049,,
NFL.NS,0.4050000011920929,,
NGIL.NS,0.4359999895095825,,
NGLFINE.NS,0.5009999871253967,,
NH.NS,0.4970000088214874,,
NHPC.NS,0.4729999899864197,,
NIACL.NS,0.4580000042915344,,
NIBE.NS,0.6349999904632568,,
NIBL.NS,0.5329999923706055,,
NIITLTD.NS,0.4169999957084656,,
NIITMTS.NS,0.5910000205039978,,
NILAINFRA.NS,0.41499999165534973,,
NILASPACES.NS,0.460999995470047,,
NILKAMAL.NS,0.4860000014305115,,
NINSYS.NS,0.5,,
NIPPOBATRY.NS,0.4580000042915344,,
NIRAJ.NS,0.4580000042915344,,
NIRAJISPAT.NS,0.4410000145435333,,
NITCO.NS,0.40299999713897705,,
NITINSPIN.NS,0.4869999885559082,,
NITIRAJ.NS,0.4339999854564667,,
NIVABUPA.NS,0.41499999165534973,,
NKIND.NS,0.34200000762939453,,
NLCINDIA.NS,0.5099999904632568,,
NMDC.NS,0.414000004529953,,
NOCIL.NS,0.4860000014305115,,
NOIDATOLL.NS,0.7260000109672546,BUY,3.17
NORBTEAEXP.NS,0.47099998593330383,,
NORTHARC.NS,0.46000000834465027,,
NOVAAGRI.NS,0.3619999885559082,,
NRAIL.NS,0.33399999141693115,,
NRBBEARING.NS,0.4390000104904175,,
NRL.NS,0.48399999737739563,,
NSIL.NS,0.4359999895095825,,
NSLNISP.NS,0.3140000104904175,,
NTPC.NS,0.5180000066757202,,
NTPCGREEN.NS,0.47699999809265137,,
NUCLEUS.NS,0.42399999499320984,,
NURECA.NS,0.39899998903274536,,
NUVAMA.NS,0.5490000247955322,,
NUVOCO.NS,0.4650000035762787,,
NYKAA.NS,0.4580000042915344,,
OAL.NS,0.5379999876022339,,
OBCL.NS,0.5590000152587891,,
OBEROIRLTY.NS,0.4749999940395355,,
OCCL.NS,0.5339999794960022,,
OCCLLTD.NS,0.5170000195503235,,
ODIGMA.NS,0.4880000054836273,,
OFSS.NS,0.550000011920929,,
OIL.NS,0.46700000762939453,,
OILCOUNTUB.NS,0.47200000286102295,,
OLAELEC.NS,0.30799999833106995,,
OLECTRA.NS,0.5090000033378601,,
OMAXAUTO.NS,0.5609999895095825,,
OMAXE.NS,0.367000013589859,,
OMINFRAL.NS,0.46399998664855957,,
OMKARCHEM.NS,0.5950000286102295,,
ONELIFECAP.NS,0.4749999940395355,,
ONEPOINT.NS,0.41600000858306885,,
ONESOURCE.NS,0.49300000071525574,,
ONGC.NS,0.4749999940395355,,
ONMOBILE.NS,0.4059999883174896,,
ONWARDTEC.NS,0.5009999871253967,,
OPTIEMUS.NS,0.41600000858306885,,
ORBTEXP.NS,0.45899999141693115,,
ORCHASP.NS,0.4129999876022339,,
ORCHPHARMA.NS,0.5379999876022339,,
ORICONENT.NS,0.7570000290870667,BUY,39.63
ORIENTALTL.NS,0.46299999952316284,,
ORIENTBELL.NS,0.46299999952316284,,
ORIENTCEM.NS,0.6060000061988831,,
ORIENTCER.NS,0.4230000078678131,,
ORIENTELEC.NS,0.5329999923706055,,
ORIENTHOT.NS,0.4580000042915344,,
ORIENTLTD.NS,0.44200000166893005,,
ORIENTPPR.NS,0.36399999260902405,,
ORIENTTECH.NS,0.35899999737739563,,
ORISSAMINE.NS,0.5920000076293945,,
ORTINGLOBE.NS,0.4880000054836273,,
OSIAHYPER.NS,0.39100000262260437,,
OSWALAGRO.NS,0.39500001072883606,,
OSWALGREEN.NS,0.3610000014305115,,
OSWALSEEDS.NS,0.492000013589859,,
PAGEIND.NS,0.44699999690055847,,
PAISALO.NS,0.28700000047683716,,
PAKKA.NS,0.4779999852180481,,
PALASHSECU.NS,0.4970000088214874,,
PALREDTEC.NS,0.5410000085830688,,
PANACEABIO.NS,0.4699999988079071,,
PANACHE.NS,0.4779999852180481,,
PANAMAPET.NS,0.5189999938011169,,
PANSARI.NS,0.609000027179718,,
PAR.NS,0.6200000047683716,,
PARACABLES.NS,0.4880000054836273,,
PARADEEP.NS,0.48399999737739563,,
PARAGMILK.NS,0.46000000834465027,,
PARAS.NS,0.5059999823570251,,
PARASPETRO.NS,0.29499998688697815,,
PARKHOTELS.NS,0.4390000104904175,,
PARSVNATH.NS,0.40799999237060547,,
PASUPTAC.NS,0.45899999141693115,,
PATANJALI.NS,0.4440000057220459,,
PATELENG.NS,0.43700000643730164,,
PATINTLOG.NS,0.45399999618530273,,
PAVNAIND.NS,0.4390000104904175,,
PAYTM.NS,0.4359999895095825,,
PCBL.NS,0.4749999940395355,,
PCJEWELLER.NS,0.4449999928474426,,
PDMJEPAPER.NS,0.36800000071525574,,
PDSL.NS,0.621999979019165,,
PEARLPOLY.NS,0.48100000619888306,,
PEL.NS,0.49900001287460327,,
PENIND.NS,0.4819999933242798,,
PENINLAND.NS,0.5080000162124634,,
PERSISTENT.NS,0.6159999966621399,,
PETRONET.NS,0.48100000619888306,,
PFC.NS,0.5040000081062317,,
PFIZER.NS,0.4230000078678131,,
PFOCUS.NS,0.4950000047683716,,
PFS.NS,0.37299999594688416,,
PGEL.NS,0.48500001430511475,,
PGHH.NS,0.5649999976158142,,
PGHL.NS,0.5199999809265137,,
PGIL.NS,0.5849999785423279,,
PHOENIXLTD.NS,0.4959999918937683,,
PIDILITIND.NS,0.5059999823570251,,
PIGL.NS,0.37299999594688416,,
PIIND.NS,0.6150000095367432,,
PILANIINVS.NS,0.4059999883174896,,
PILITA.NS,0.4309999942779541,,
PIONEEREMB.NS,0.4399999976158142,,
PITTIENG.NS,0.4480000138282776,,
PIXTRANS.NS,0.5389999747276306,,
PKTEA.NS,0.5540000200271606,,
PLASTIBLEN.NS,0.5210000276565552,,
PLATIND.NS,0.4970000088214874,,
PLAZACABLE.NS,0.3959999978542328,,
PNB.NS,0.4000000059604645,,
PNBGILTS.NS,0.3449999988079071,,
PNBHOUSING.NS,0.5009999871253967,,
PNC.NS,0.2619999945163727,,
PNCINFRA.NS,0.46700000762939453,,
PNGJL.NS,0.44200000166893005,,
POCL.NS,0.3409999907016754,,
PODDARMENT.NS,0.4830000102519989,,
POKARNA.NS,0.6840000152587891,,
POLICYBZR.NS,0.5299999713897705,,
POLYCAB.NS,0.4779999852180481,,
POLYMED.NS,0.5450000166893005,,
POLYPLEX.NS,0.5109999775886536,,
PONNIERODE.NS,0.4749999940395355,,
POONAWALLA.NS,0.45100000500679016,,
POWERGRID.NS,0.49000000953674316,,
POWERINDIA.NS,0.44999998807907104,,
POWERMECH.NS,0.3709999918937683,,
PPAP.NS,0.4180000126361847,,
PPL.NS,0.4749999940395355,,
PPLPHARMA.NS,0.46700000762939453,,
PRAENG.NS,0.4699999988079071,,
PRAJIND.NS,0.5049999952316284,,
PRAKASH.NS,0.46000000834465027,,
PRAKASHSTL.NS,0.33500000834465027,,
PRAXIS.NS,0.4399999976158142,,
PRECAM.NS,0.40299999713897705,,
PRECOT.NS,0.40299999713897705,,
PRECWIRE.NS,0.4350000023841858,,
PREMEXPLN.NS,0.41499999165534973,,
PREMIER.NS,0.5040000081062317,,
PREMIERENE.NS,0.34700000286102295,,
PREMIERPOL.NS,0.4560000002384186,,
PRESTIGE.NS,0.47200000286102295,,
PRICOLLTD.NS,0.421999990940094,,
PRIMESECU.NS,0.44200000166893005,,
PRINCEPIPE.NS,0.41999998688697815,,
PRITI.NS,0.5130000114440918,,
PRITIKAUTO.NS,0.453000009059906,,
PRIVISCL.NS,0.4090000092983246,,
PROTEAN.NS,0.4620000123977661,,
PROZONER.NS,0.4690000116825104,,
PRSMJOHNSN.NS,0.4790000021457672,,
PRUDENT.NS,0.4690000116825104,,
PRUDMOULI.NS,0.5019999742507935,,
PSB.NS,0.5320000052452087,,
PSPPROJECT.NS,0.5360000133514404,,
PTC.NS,0.4970000088214874,,
PTCIL.NS,0.4819999933242798,,
PTL.NS,0.5789999961853027,,
PUNJABCHEM.NS,0.4050000011920929,,
PURVA.NS,0.3610000014305115,,
PVP.NS,0.47200000286102295,,
PVRINOX.NS,0.4580000042915344,,
PVSL.NS,0.36899998784065247,,
PYRAMID.NS,0.4480000138282776,,
QUADFUTURE.NS,0.46299999952316284,,
QUESS.NS,0.48899999260902405,,
QUICKHEAL.NS,0.32100000977516174,,
RACE.NS,0.4880000054836273,,
RACLGEAR.NS,0.4300000071525574,,
RADAAN.NS,0.5550000071525574,,
RADHIKAJWE.NS,0.3580000102519989,,
RADIANTCMS.NS,0.2939999997615814,,
RADICO.NS,0.4950000047683716,,
RADIOCITY.NS,0.37400001287460327,,
RAILTEL.NS,0.47600001096725464,,
RAIN.NS,0.4359999895095825,,
RAINBOW.NS,0.46399998664855957,,
RAJESHEXPO.NS,0.4869999885559082,,
RAJMET.NS,0.5400000214576721,,
RAJRATAN.NS,0.5009999871253967,,
RAJRILTD.NS,0.593999981880188,,
RAJSREESUG.NS,0.4560000002384186,,
RAJTV.NS,0.5559999942779541,,
RALLIS.NS,0.4699999988079071,,
RAMANEWS.NS,0.5210000276565552,,
RAMAPHO.NS,0.38999998569488525,,
RAMASTEEL.NS,0.3659999966621399,,
RAMCOCEM.NS,0.5090000033378601,,
RAMCOIND.NS,0.45399999618530273,,
RAMCOSYS.NS,0.4429999887943268,,
RAMKY.NS,0.5189999938011169,,
RAMRAT.NS,0.4480000138282776,,
RANASUG.NS,0.40799999237060547,,
RANEENGINE.NS,0.44600000977516174,,
RANEHOLDIN.NS,0.42399999499320984,,
RATEGAIN.NS,0.4000000059604645,,
RATNAMANI.NS,0.5509999990463257,,
RATNAVEER.NS,0.42500001192092896,,
RAYMOND.NS,0.47999998927116394,,
RAYMONDLSL.NS,0.5370000004768372,,
RBA.NS,0.3499999940395355,,
RBL.NS,0.4300000071525574,,
RBLBANK.NS,0.47699999809265137,,
RBZJEWEL.NS,0.4909999966621399,,
RCF.NS,0.3970000147819519,,
RCOM.NS,0.6729999780654907,,
RECLTD.NS,0.5299999713897705,,
REDINGTON.NS,0.5019999742507935,,
REDTAPE.NS,0.5189999938011169,,
REFEX.NS,0.43299999833106995,,
REGENCERAM.NS,0.6399999856948853,,
RELAXO.NS,0.4480000138282776,,
RELCHEMQ.NS,0.4020000100135803,,
RELIABLE.NS,0.5210000276565552,,
RELIANCE.NS,0.46000000834465027,,
RELIGARE.NS,0.48899999260902405,,
RELINFRA.NS,0.43799999356269836,,
RELTD.NS,0.42399999499320984,,
REMSONSIND.NS,0.3569999933242798,,
RENUKA.NS,0.4059999883174896,,
REPCOHOME.NS,0.414000004529953,,
REPL.NS,0.42100000381469727,,
REPRO.NS,0.4090000092983246,,
RESPONIND.NS,0.41499999165534973,,
RETAIL.NS,0.527999997138977,,
RGL.NS,0.41200000047683716,,
RHFL.NS,0.4650000035762787,,
RHIM.NS,0.48899999260902405,,
RHL.NS,0.4620000123977661,,
RICOAUTO.NS,0.4020000100135803,,
RIIL.NS,0.4399999976158142,,
RISHABH.NS,0.36399999260902405,,
RITCO.NS,0.37299999594688416,,
RITES.NS,0.5019999742507935,,
RKDL.NS,0.48500001430511475,,
RKEC.NS,0.4339999854564667,,
RKFORGE.NS,0.5199999809265137,,
RKSWAMY.NS,0.4880000054836273,,
RML.NS,0.4659999907016754,,
ROHLTD.NS,0.5009999871253967,,
ROLEXRINGS.NS,0.4300000071525574,,
ROLLT.NS,0.6859999895095825,,
ROLTA.NS,0.699999988079071,BUY,2.4
ROML.NS,0.4749999940395355,,
ROSSARI.NS,0.4309999942779541,,
ROSSELLIND.NS,0.5400000214576721,,
ROSSTECH.NS,0.4129999876022339,,
ROTO.NS,0.4300000071525574,,
ROUTE.NS,0.38100001215934753,,
RPEL.NS,0.44200000166893005,,
RPGLIFE.NS,0.47999998927116394,,
RPOWER.NS,0.34700000286102295,,
RPPINFRA.NS,0.48899999260902405,,
RPPL.NS,0.2590000033378601,,
RPSGVENT.NS,0.4749999940395355,,
RPTECH.NS,0.45100000500679016,,
RRKABEL.NS,0.4090000092983246,,
RSSOFTWARE.NS,0.37299999594688416,,
RSWM.NS,0.4050000011920929,,
RSYSTEMS.NS,0.4269999861717224,,
RTNINDIA.NS,0.3619999885559082,,
RTNPOWER.NS,0.41499999165534973,,
RUBFILA.NS,0.5,,
RUBYMILLS.NS,0.4320000112056732,,
RUCHINFRA.NS,0.35199999809265137,,
RUCHIRA.NS,0.5090000033378601,,
RUPA.NS,0.44999998807907104,,
RUSHIL.NS,0.39100000262260437,,
RUSTOMJEE.NS,0.550000011920929,,
RVHL.NS,0.460999995470047,,
RVNL.NS,0.4560000002384186,,
RVTH.NS,0.3580000102519989,,
SABEVENTS.NS,0.6679999828338623,,
SABTNL.NS,0.4440000057220459,,
SADBHAV.NS,0.4819999933242798,,
SADBHIN.NS,0.3199999928474426,,
SADHNANIQ.NS,0.4950000047683716,,
SAFARI.NS,0.5130000114440918,,
SAGARDEEP.NS,0.4350000023841858,,
SAGCEM.NS,0.42800000309944153,,
SAGILITY.NS,0.38999998569488525,,
SAH.NS,0.5479999780654907,,
SAHYADRI.NS,0.40799999237060547,,
SAIL.NS,0.421999990940094,,
SAILIFE.NS,0.503000020980835,,
SAKAR.NS,0.37400001287460327,,
SAKHTISUG.NS,0.49300000071525574,,
SAKSOFT.NS,0.42800000309944153,,
SAKUMA.NS,0.4869999885559082,,
SALASAR.NS,0.29899999499320984,,
SALONA.NS,0.4970000088214874,,
SALSTEEL.NS,0.47200000286102295,,
SALZERELEC.NS,0.4740000069141388,,
SAMBHAAV.NS,0.414000004529953,,
SAMHI.NS,0.4729999899864197,,
SAMMAANCAP.NS,0.41499999165534973,,
SAMPANN.NS,0.5019999742507935,,
SANATHAN.NS,0.5080000162124634,,
SANCO.NS,0.5479999780654907,,
SANDESH.NS,0.5329999923706055,,
SANDHAR.NS,0.4790000021457672,,
SANDUMA.NS,0.5120000243186951,,
SANGAMIND.NS,0.4099999964237213,,
SANGHIIND.NS,0.4180000126361847,,
SANGHVIMOV.NS,0.47699999809265137,,
SANGINITA.NS,0.44200000166893005,,
SANOFI.NS,0.531000018119812,,
SANOFICONR.NS,0.6230000257492065,,
SANSERA.NS,0.5009999871253967,,
SANSTAR.NS,0.33500000834465027,,
SANWARIA.NS,0.7480000257492065,BUY,0.37
SAPPHIRE.NS,0.4230000078678131,,
SARDAEN.NS,0.5049999952316284,,
SAREGAMA.NS,0.47600001096725464,,
SARLAPOLY.NS,0.4390000104904175,,
SARVESHWAR.NS,0.36800000071525574,,
SASKEN.NS,0.41999998688697815,,
SASTASUNDR.NS,0.4880000054836273,,
SATIA.NS,0.3959999978542328,,
SATIN.NS,0.4659999907016754,,
SATINDLTD.NS,0.4410000145435333,,
SAURASHCEM.NS,0.3840000033378601,,
SBC.NS,0.3540000021457672,,
SBCL.NS,0.4650000035762787,,
SBFC.NS,0.47200000286102295,,
SBGLP.NS,0.414000004529953,,
SBICARD.NS,0.4860000014305115,,
SBILIFE.NS,0.47600001096725464,,
SBIN.NS,0.5009999871253967,,
SCHAEFFLER.NS,0.5889999866485596,,
SCHAND.NS,0.47200000286102295,,
SCHNEIDER.NS,0.5,,
SCI.NS,0.492000013589859,,
SCILAL.NS,0.421999990940094,,
SCPL.NS,0.4860000014305115,,
SDBL.NS,0.4970000088214874,,
SEAMECLTD.NS,0.5350000262260437,,
SECMARK.NS,0.41499999165534973,,
SECURKLOUD.NS,0.6140000224113464,,
SEJALLTD.NS,0.4620000123977661,,
SELAN.NS,0.4779999852180481,,
SELMC.NS,0.47699999809265137,,
SEMAC.NS,0.5429999828338623,,
SENCO.NS,0.3230000138282776,,
SENORES.NS,0.5049999952316284,,
SEPC.NS,0.4749999940395355,,
SEQUENT.NS,0.4440000057220459,,
SERVOTECH.NS,0.48100000619888306,,
SESHAPAPER.NS,0.4699999988079071,,
SETCO.NS,0.4880000054836273,,
SETUINFRA.NS,0.4790000021457672,,
SEYAIND.NS,0.7210000157356262,BUY,14.98
SFL.NS,0.48100000619888306,,
SGIL.NS,0.5120000243186951,,
SGL.NS,0.34299999475479126,,
SGLTL.NS,0.46700000762939453,,
SHAH.NS,0.4309999942779541,,
SHAHALLOYS.NS,0.6539999842643738,,
SHAILY.NS,0.6970000267028809,,
SHAKTIPUMP.NS,0.527999997138977,,
SHALBY.NS,0.46299999952316284,,
SHALPAINTS.NS,0.45100000500679016,,
SHANKARA.NS,0.515999972820282,,
SHANTI.NS,0.4729999899864197,,
SHANTIGEAR.NS,0.5109999775886536,,
SHARDACROP.NS,0.5170000195503235,,
SHARDAMOTR.NS,0.492000013589859,,
SHAREINDIA.NS,0.4699999988079071,,
SHEKHAWATI.NS,0.4359999895095825,,
SHEMAROO.NS,0.4480000138282776,,
SHILPAMED.NS,0.40299999713897705,,
SHIVALIK.NS,0.42899999022483826,,
SHIVAMAUTO.NS,0.40299999713897705,,
SHIVAMILLS.NS,0.4740000069141388,,
SHIVATEX.NS,0.4659999907016754,,
SHK.NS,0.48500001430511475,,
SHOPERSTOP.NS,0.4560000002384186,,
SHRADHA.NS,0.49000000953674316,,
SHREDIGCEM.NS,0.39800000190734863,,
SHREECEM.NS,0.46299999952316284,,
SHREEPUSHK.NS,0.5099999904632568,,
SHREERAMA.NS,0.5139999985694885,,
SHRENIK.NS,0.6520000100135803,,
SHREYANIND.NS,0.45500001311302185,,
SHRIPISTON.NS,0.44999998807907104,,
SHRIRAMFIN.NS,0.5059999823570251,,
SHRIRAMPPS.NS,0.37400001287460327,,
SHYAMCENT.NS,0.6869999766349792,,
SHYAMMETL.NS,0.5080000162124634,,
SHYAMTEL.NS,0.5979999899864197,,
SICALLOG.NS,0.3799999952316284,,
SIEMENS.NS,0.5450000166893005,,
SIGACHI.NS,0.4020000100135803,,
SIGIND.NS,0.3619999885559082,,
SIGMA.NS,0.4790000021457672,,
SIGNATURE.NS,0.5019999742507935,,
SIGNPOST.NS,0.41100001335144043,,
SIKKO.NS,0.3919999897480011,,
SIL.NS,0.515999972820282,,
SILGO.NS,0.4399999976158142,,
SILINV.NS,0.4339999854564667,,
SILLYMONKS.NS,0.4050000011920929,,
SILVERTUC.NS,0.4699999988079071,,
SIMBHALS.NS,0.46399998664855957,,
SIMPLEXINF.NS,0.41100001335144043,,
SINCLAIR.NS,0.4779999852180481,,
SINDHUTRAD.NS,0.4790000021457672,,
SINTERCOM.NS,0.6600000262260437,,
SIRCA.NS,0.48100000619888306,,
SIS.NS,0.47099998593330383,,
SITINET.NS,0.5519999861717224,,
SIYSIL.NS,0.4729999899864197,,
SJS.NS,0.45100000500679016,,
SJVN.NS,0.46700000762939453,,
SKFINDIA.NS,0.4860000014305115,,
SKIPPER.NS,0.4970000088214874,,
SKMEGGPROD.NS,0.42800000309944153,,
SKYGOLD.NS,0.4320000112056732,,
SMARTLINK.NS,0.4390000104904175,,
SMCGLOBAL.NS,0.4269999861717224,,
SMLISUZU.NS,0.37599998712539673,,
SMLT.NS,0.3199999928474426,,
SMSLIFE.NS,0.48399999737739563,,
SMSPHARMA.NS,0.47099998593330383,,
SNOWMAN.NS,0.31700000166893005,,
SOBHA.NS,0.4580000042915344,,
SOFTTECH.NS,0.42100000381469727,,
SOLARA.NS,0.5019999742507935,,
SOLARINDS.NS,0.460999995470047,,
SOMANYCERA.NS,0.4390000104904175,,
SOMATEX.NS,0.43700000643730164,,
SOMICONVEY.NS,0.5120000243186951,,
SONACOMS.NS,0.5099999904632568,,
SONAMLTD.NS,0.5059999823570251,,
SONATSOFTW.NS,0.6460000276565552,,
SOTL.NS,0.4560000002384186,,
SOUTHBANK.NS,0.37599998712539673,,
SOUTHWEST.NS,0.42500001192092896,,
SPAL.NS,0.4359999895095825,,
SPANDANA.NS,0.4749999940395355,,
SPARC.NS,0.4699999988079071,,
SPCENET.NS,0.34200000762939453,,
SPECIALITY.NS,0.4659999907016754,,
SPECTRUM.NS,0.5210000276565552,,
SPENCERS.NS,0.3160000145435333,,
SPIC.NS,0.5429999828338623,,
SPLIL.NS,0.5389999747276306,,
SPLPETRO.NS,0.527999997138977,,
SPMLINFRA.NS,0.5400000214576721,,
SPORTKING.NS,0.4009999930858612,,
SRD.NS,0.4050000011920929,,
SREEL.NS,0.5080000162124634,,
SRF.NS,0.5400000214576721,,
SRGHFL.NS,0.4480000138282776,,
SRHHYPOLTD.NS,0.4259999990463257,,
SRM.NS,0.48500001430511475,,
SRPL.NS,0.47099998593330383,,
SSDL.NS,0.38999998569488525,,
SSWL.NS,0.4869999885559082,,
STALLION.NS,0.4749999940395355,,
STANLEY.NS,0.49900001287460327,,
STAR.NS,0.5350000262260437,,
STARCEMENT.NS,0.4779999852180481,,
STARHEALTH.NS,0.5550000071525574,,
STARPAPER.NS,0.47200000286102295,,
STARTECK.NS,0.47600001096725464,,
STCINDIA.NS,0.5009999871253967,,
STEELCAS.NS,0.6129999756813049,,
STEELCITY.NS,0.4790000021457672,,
STEELXIND.NS,0.4729999899864197,,
STEL.NS,0.5460000038146973,,
STERTOOLS.NS,0.5559999942779541,,
STLTECH.NS,0.4020000100135803,,
STOVEKRAFT.NS,0.5180000066757202,,
STYLAMIND.NS,0.5,,
STYLEBAAZA.NS,0.3959999978542328,,
STYRENIX.NS,0.4869999885559082,,
SUBEXLTD.NS,0.2329999953508377,,
SUBROS.NS,0.5,,
SUDARSCHEM.NS,0.5230000019073486,,
SUKHJITS.NS,0.4359999895095825,,
SULA.NS,0.4269999861717224,,
SUMICHEM.NS,0.48500001430511475,,
SUMIT.NS,0.46799999475479126,,
SUMMITSEC.NS,0.42899999022483826,,
SUNCLAY.NS,0.41200000047683716,,
SUNDARAM.NS,0.46799999475479126,,
SUNDARMFIN.NS,0.5450000166893005,,
SUNDARMHLD.NS,0.4309999942779541,,
SUNDRMBRAK.NS,0.47099998593330383,,
SUNDRMFAST.NS,0.42899999022483826,,
SUNFLAG.NS,0.4659999907016754,,
SUNPHARMA.NS,0.5239999890327454,,
SUNTECK.NS,0.4090000092983246,,
SUNTV.NS,0.48100000619888306,,
SUPERHOUSE.NS,0.3930000066757202,,
SUPERSPIN.NS,0.4659999907016754,,
SUPRAJIT.NS,0.5149999856948853,,
SUPREME.NS,0.46700000762939453,,
SUPREMEENG.NS,0.5299999713897705,,
SUPREMEIND.NS,0.5339999794960022,,
SUPREMEINF.NS,0.3580000102519989,,
SUPRIYA.NS,0.46299999952316284,,
SURAJEST.NS,0.4189999997615814,,
SURAJLTD.NS,0.5040000081062317,,
SURAKSHA.NS,0.5059999823570251,,
SURANASOL.NS,0.4449999928474426,,
SURYALAXMI.NS,0.43799999356269836,,
SURYAROSNI.NS,0.45500001311302185,,
SURYODAY.NS,0.4059999883174896,,
SUTLEJTEX.NS,0.4399999976158142,,
SUULD.NS,0.4830000102519989,,
SUVEN.NS,0.44999998807907104,,
SUVENPHAR.NS,0.5400000214576721,,
SUVIDHAA.NS,0.5799999833106995,,
SUYOG.NS,0.47699999809265137,,
SUZLON.NS,0.4429999887943268,,
SVLL.NS,0.421999990940094,,
SVPGLOB.NS,0.33399999141693115,,
SWANENERGY.NS,0.4699999988079071,,
SWARAJENG.NS,0.5090000033378601,,
SWELECTES.NS,0.5239999890327454,,
SWIGGY.NS,0.4009999930858612,,
SWSOLAR.NS,0.3190000057220459,,
SYMPHONY.NS,0.5600000023841858,,
SYNCOMF.NS,0.47200000286102295,,
SYNGENE.NS,0.45500001311302185,,
SYRMA.NS,0.5180000066757202,,
TAINWALCHM.NS,0.3799999952316284,,
TAJGVK.NS,0.6269999742507935,,
TAKE.NS,0.4560000002384186,,
TALBROAUTO.NS,0.48899999260902405,,
TANLA.NS,0.44600000977516174,,
TARACHAND.NS,0.4749999940395355,,
TARAPUR.NS,0.4180000126361847,,
TARC.NS,0.5400000214576721,,
TARIL.NS,0.4740000069141388,,
TARMAT.NS,0.4309999942779541,,
TARSONS.NS,0.40299999713897705,,
TASTYBITE.NS,0.5329999923706055,,
TATACHEM.NS,0.47999998927116394,,
TATACOMM.NS,0.515999972820282,,
TATACONSUM.NS,0.5329999923706055,,
TATAELXSI.NS,0.5759999752044678,,
TATAINVEST.NS,0.5419999957084656,,
TATAMOTORS.NS,0.47099998593330383,,
TATAPOWER.NS,0.49399998784065247,,
TATASTEEL.NS,0.6729999780654907,,
TATATECH.NS,0.44200000166893005,,
TATVA.NS,0.4620000123977661,,
TBOTEK.NS,0.45399999618530273,,
TBZ.NS,0.35600000619888306,,
TCI.NS,0.5,,
TCIEXP.NS,0.5120000243186951,,
TCIFINANCE.NS,0.6119999885559082,,
TCPLPACK.NS,0.5799999833106995,,
TCS.NS,0.5130000114440918,,
TDPOWERSYS.NS,0.48899999260902405,,
TEAMLEASE.NS,0.5509999990463257,,
TECHM.NS,0.5149999856948853,,
TECHNOE.NS,0.5090000033378601,,
TECILCHEM.NS,0.5230000019073486,,
TEGA.NS,0.5189999938011169,,
TEJASNET.NS,0.4269999861717224,,
TEMBO.NS,0.4819999933242798,,
TERASOFT.NS,0.47200000286102295,,
TEXINFRA.NS,0.4659999907016754,,
TEXMOPIPES.NS,0.47600001096725464,,
TEXRAIL.NS,0.414000004529953,,
TFCILTD.NS,0.4950000047683716,,
TFL.NS,0.4880000054836273,,
TGBHOTELS.NS,0.42399999499320984,,
THANGAMAYL.NS,0.41499999165534973,,
THEINVEST.NS,0.40799999237060547,,
THEJO.NS,0.5400000214576721,,
THEMISMED.NS,0.49399998784065247,,
THERMAX.NS,0.5460000038146973,,
THOMASCOOK.NS,0.4020000100135803,,
THOMASCOTT.NS,0.4480000138282776,,
THYROCARE.NS,0.4970000088214874,,
TI.NS,0.45399999618530273,,
TICL.NS,0.37400001287460327,,
TIIL.NS,0.6119999885559082,,
TIINDIA.NS,0.546999990940094,,
TIJARIA.NS,0.5090000033378601,,
TIL.NS,0.23399999737739563,,
TIMESGTY.NS,0.49399998784065247,,
TIMETECHNO.NS,0.45500001311302185,,
TIMKEN.NS,0.531000018119812,,
TIPSFILMS.NS,0.421999990940094,,
TIPSMUSIC.NS,0.5040000081062317,,
TIRUMALCHM.NS,0.44699999690055847,,
TIRUPATIFL.NS,0.5849999785423279,,
TITAGARH.NS,0.4399999976158142,,
TITAN.NS,0.5479999780654907,,
TMB.NS,0.5289999842643738,,
TNPETRO.NS,0.3889999985694885,,
TNPL.NS,0.36399999260902405,,
TNTELE.NS,0.39399999380111694,,
TOKYOPLAST.NS,0.5559999942779541,,
TOLINS.NS,0.3919999897480011,,
TORNTPHARM.NS,0.6259999871253967,,
TORNTPOWER.NS,0.48899999260902405,,
TOTAL.NS,0.5059999823570251,,
TOUCHWOOD.NS,0.41100001335144043,,
TPHQ.NS,0.42800000309944153,,
TPLPLASTEH.NS,0.37299999594688416,,
TRACXN.NS,0.4099999964237213,,
TRANSRAILL.NS,0.3790000081062317,,
TRANSWORLD.NS,0.44600000977516174,,
TREEHOUSE.NS,0.527999997138977,,
TREJHARA.NS,0.42800000309944153,,
TREL.NS,0.4129999876022339,,
TRENT.NS,0.4269999861717224,,
TRF.NS,0.5059999823570251,,
TRIDENT.NS,0.35600000619888306,,
TRIGYN.NS,0.4339999854564667,,
TRITURBINE.NS,0.4650000035762787,,
TRIVENI.NS,0.5320000052452087,,
TRU.NS,0.5690000057220459,,
TTKHLTCARE.NS,0.3930000066757202,,
TTKPRESTIG.NS,0.44999998807907104,,
TTL.NS,0.37700000405311584,,
TTML.NS,0.31700000166893005,,
TVSELECT.NS,0.41999998688697815,,
TVSHLTD.NS,0.6169999837875366,,
TVSMOTOR.NS,0.4869999885559082,,
TVSSCS.NS,0.5400000214576721,,
TVSSRICHAK.NS,0.4659999907016754,,
TVTODAY.NS,0.4970000088214874,,
TVVISION.NS,0.7089999914169312,BUY,5.26
UBL.NS,0.48100000619888306,,
UCAL.NS,0.41999998688697815,,
UCOBANK.NS,0.5740000009536743,,
UDAICEMENT.NS,0.30399999022483826,,
UDS.NS,0.4000000059604645,,
UEL.NS,0.6700000166893005,,
UFLEX.NS,0.5099999904632568,,
UFO.NS,0.4020000100135803,,
UGARSUGAR.NS,0.30399999022483826,,
UGROCAP.NS,0.4690000116825104,,
UJJIVANSFB.NS,0.5019999742507935,,
ULTRACEMCO.NS,0.5270000100135803,,
UMAEXPORTS.NS,0.4659999907016754,,
UMANGDAIRY.NS,0.4790000021457672,,
UMESLTD.NS,0.6639999747276306,,
UNICHEMLAB.NS,0.46399998664855957,,
UNIDT.NS,0.48500001430511475,,
UNIECOM.NS,0.38499999046325684,,
UNIENTER.NS,0.4860000014305115,,
UNIINFO.NS,0.5389999747276306,,
UNIMECH.NS,0.5049999952316284,,
UNIONBANK.NS,0.4740000069141388,,
UNIPARTS.NS,0.43799999356269836,,
UNITDSPR.NS,0.5109999775886536,,
UNITECH.NS,0.3479999899864197,,
UNITEDPOLY.NS,0.4320000112056732,,
UNITEDTEA.NS,0.48500001430511475,,
UNIVASTU.NS,0.47999998927116394,,
UNIVCABLES.NS,0.3569999933242798,,
UNIVPHOTO.NS,0.5070000290870667,,
UNOMINDA.NS,0.5699999928474426,,
UPL.NS,0.4950000047683716,,
URAVIDEF.NS,0.4950000047683716,,
URJA.NS,0.4300000071525574,,
USHAMART.NS,0.48500001430511475,,
USK.NS,0.503000020980835,,
UTIAMC.NS,0.47200000286102295,,
UTKARSHBNK.NS,0.34599998593330383,,
UTTAMSUGAR.NS,0.3779999911785126,,
UYFINCORP.NS,0.36399999260902405,,
VADILALIND.NS,0.46700000762939453,,
VAIBHAVGBL.NS,0.41600000858306885,,
VAISHALI.NS,0.4059999883174896,,
VAKRANGEE.NS,0.6669999957084656,,
VALIANTLAB.NS,0.42500001192092896,,
VALIANTORG.NS,0.5299999713897705,,
VARDHACRLC.NS,0.35499998927116394,,
VARDMNPOLY.NS,0.4729999899864197,,
VARROC.NS,0.5149999856948853,,
VASCONEQ.NS,0.3840000033378601,,
VASWANI.NS,0.4230000078678131,,
VBL.NS,0.4819999933242798,,
VCL.NS,0.6480000019073486,,
VEDL.NS,0.5199999809265137,,
VEEDOL.NS,0.4490000009536743,,
VENKEYS.NS,0.4790000021457672,,
VENTIVE.NS,0.5080000162124634,,
VENUSPIPES.NS,0.4429999887943268,,
VENUSREM.NS,0.4440000057220459,,
VERANDA.NS,0.4350000023841858,,
VERTOZ.NS,0.5059999823570251,,
VESUVIUS.NS,0.5680000185966492,,
VETO.NS,0.4259999990463257,,
VGUARD.NS,0.47999998927116394,,
VHL.NS,0.39500001072883606,,
VHLTD.NS,0.4490000009536743,,
VIDHIING.NS,0.3930000066757202,,
VIJAYA.NS,0.5249999761581421,,
VIJIFIN.NS,0.47699999809265137,,
VIKASECO.NS,0.42100000381469727,,
VIKASLIFE.NS,0.4790000021457672,,
VIMTALABS.NS,0.5230000019073486,,
VINATIORGA.NS,0.41100001335144043,,
VINCOFE.NS,0.36000001430511475,,
VINDHYATEL.NS,0.3790000081062317,,
VINEETLAB.NS,0.35100001096725464,,
VINNY.NS,0.4099999964237213,,
VINYLINDIA.NS,0.3889999985694885,,
VIPCLOTHNG.NS,0.4690000116825104,,
VIPIND.NS,0.3880000114440918,,
VIPULLTD.NS,0.5270000100135803,,
VIRINCHI.NS,0.36000001430511475,,
VISAKAIND.NS,0.38999998569488525,,
VISASTEEL.NS,0.5580000281333923,,
VISHNU.NS,0.5699999928474426,,
VISHWARAJ.NS,0.335999995470047,,
VIVIDHA.NS,0.49399998784065247,,
VLEGOV.NS,0.6380000114440918,,
VLSFINANCE.NS,0.44200000166893005,,
VMART.NS,0.4189999997615814,,
VMM.NS,0.453000009059906,,
VOLTAMP.NS,0.5189999938011169,,
VOLTAS.NS,0.503000020980835,,
VPRPL.NS,0.4410000145435333,,
VRAJ.NS,0.46299999952316284,,
VRLLOG.NS,0.5419999957084656,,
VSSL.NS,0.4009999930858612,,
VSTIND.NS,0.45399999618530273,,
VSTL.NS,0.4300000071525574,,
VSTTILLERS.NS,0.5809999704360962,,
VTL.NS,0.45500001311302185,,
WAAREEENER.NS,0.515999972820282,,
WABAG.NS,0.5149999856948853,,
WALCHANNAG.NS,0.36399999260902405,,
WANBURY.NS,0.4480000138282776,,
WCIL.NS,0.4790000021457672,,
WEALTH.NS,0.4790000021457672,,
WEBELSOLAR.NS,0.39399999380111694,,
WEIZMANIND.NS,0.5130000114440918,,
WEL.NS,0.45500001311302185,,
WELCORP.NS,0.4959999918937683,,
WELENT.NS,0.48100000619888306,,
WELINV.NS,0.5429999828338623,,
WELSPUNLIV.NS,0.49399998784065247,,
WENDT.NS,0.32199999690055847,,
WESTLIFE.NS,0.41600000858306885,,
WEWIN.NS,0.36800000071525574,,
WHEELS.NS,0.4909999966621399,,
WHIRLPOOL.NS,0.3540000021457672,,
WILLAMAGOR.NS,0.382999986410141,,
WINDLAS.NS,0.49799999594688416,,
WINDMACHIN.NS,0.4729999899864197,,
WINSOME.NS,0.4659999907016754,,
WIPL.NS,0.6209999918937683,,
WIPRO.NS,0.45899999141693115,,
WOCKPHARMA.NS,0.5189999938011169,,
WONDERLA.NS,0.4350000023841858,,
WORTH.NS,0.43700000643730164,,
WSI.NS,0.4659999907016754,,
WSTCSTPAPR.NS,0.41499999165534973,,
XCHANGING.NS,0.42100000381469727,,
XELPMOC.NS,0.47699999809265137,,
XPROINDIA.NS,0.460999995470047,,
XTGLOBAL.NS,0.5009999871253967,,
YAARI.NS,0.5809999704360962,,
YASHO.NS,0.5040000081062317,,
YATHARTH.NS,0.4480000138282776,,
YATRA.NS,0.30399999022483826,,
YESBANK.NS,0.29100000858306885,,
YUKEN.NS,0.527999997138977,,
ZAGGLE.NS,0.44200000166893005,,
ZEEL.NS,0.48500001430511475,,
ZEELEARN.NS,0.6159999966621399,,
ZEEMEDIA.NS,0.4009999930858612,,
ZENITHEXPO.NS,0.5019999742507935,,
ZENITHSTL.NS,0.4189999997615814,,
ZENSARTECH.NS,0.2980000078678131,,
ZENTEC.NS,0.503000020980835,,
ZFCVINDIA.NS,0.5329999923706055,,
ZIMLAB.NS,0.4099999964237213,,
ZODIAC.NS,0.48399999737739563,,
ZODIACLOTH.NS,0.421999990940094,,
ZOMATO.NS,0.4350000023841858,,
ZOTA.NS,0.4480000138282776,,
ZUARI.NS,0.4519999921321869,,
ZUARIIND.NS,0.45100000500679016,,
ZYDUSLIFE.NS,0.4410000145435333,,
ZYDUSWELL.NS,0.4740000069141388,,
