vix,nifty,usdinr,fii_flow,nifty_return
0.14333758695482465,198.27999877929688,82.27339935302734,-117.06847847459028,0.013079897520064776
0.1554083245446477,196.1300048828125,82.18009948730469,789.6064077536957,-0.010843221251365387
0.1448627352230417,196.1300048828125,81.63739776611328,383.7173645764544,0.0
0.14463679531264573,195.61000061035156,81.63179779052734,-234.73719296747606,-0.0026513244252027723
0.14141014517122427,196.61000061035156,81.1156005859375,271.2800217929823,0.0051122130610896654
0.09173209359066808,196.05999755859375,81.27799987792969,-231.70884640623112,-0.002797431717869836
0.07244748722566441,197.47000122070312,81.65260314941406,-232.86487678512844,0.007191694785612768
0.07756292756353027,198.64999389648438,81.52549743652344,120.98113578301705,0.005975554101822489
0.07156263247666492,198.42999267578125,81.43599700927734,-956.640122328899,-0.0011074816383722652
0.08590309571634322,197.4499969482422,81.23979949951172,-862.4589162565164,-0.004938747990281378
0.08276607272560094,198.44000244140625,80.97599792480469,-281.14376462048637,0.005013955474628684
0.07178060245311806,198.4199981689453,81.48799896240234,-506.4155601672119,-0.00010080766082853909
0.10045387985872122,196.0399932861328,81.60189819335938,157.12366629763693,-0.011994783312043178
0.1333675415328658,193.0,81.44509887695312,-454.01203776060555,-0.015507005663358497
0.14209433692489884,193.25,81.50800323486328,-706.1518506676458,0.0012953367875647714
0.12767268031305798,193.44000244140625,81.57990264892578,732.824384460777,0.000983195039618412
0.12439730474059155,193.1300048828125,81.76840209960938,-112.88815024326783,-0.001602551461338253
0.11111259374967095,192.91000366210938,81.71029663085938,33.764102343961916,-0.0011391353758657408
0.08459160373753194,195.1199951171875,82.0458984375,-712.3740931067284,0.011456074921594173
0.093442659023334,194.47999572753906,82.22599792480469,-272.1913622625913,-0.003280029754326619
0.09687761074230188,194.0399932861328,82.75499725341797,55.461294854933044,-0.0022624560421251605
0.10556876873189892,195.5399932861328,82.74189758300781,-575.4967887111515,0.007730365140695916
0.1011619596744987,195.88999938964844,82.65950012207031,187.849009172836,0.0017899463819837091
0.07198861836138197,195.49000549316406,82.533203125,-300.3193449594025,-0.002041931174284861
0.07649856247281277,194.60000610351562,82.51300048828125,-145.84687489663838,-0.00455265929019355
0.08624921879092887,195.97999572753906,82.59739685058594,-300.85330611469846,0.007091416139469953
0.07833854550080001,197.0800018310547,82.86759948730469,926.1390922544689,0.005612848900379053
0.07832434276738963,197.35000610351562,82.73770141601562,-6.748612368966957,0.001370023695719258
0.09021061718300054,196.3000030517578,82.69529724121094,-528.8554644779499,-0.005320511878814216
0.08686923531103698,195.58999633789062,82.75800323486328,411.27245605159453,-0.003616947034279838
0.0687227485281768,195.25999450683594,82.69750213623047,-610.4218249855111,-0.0016872122155193736
0.09240352417618036,192.50999450683594,82.86119842529297,104.4317975023777,-0.014083786117814912
0.0794578765735966,192.00999450683594,82.83529663085938,-979.8350619398877,-0.002597267748518095
0.08161569060775603,191.4600067138672,82.6178970336914,-664.0930244492152,-0.002864370651024517
0.08084281472749347,190.55999755859375,82.91799926757812,98.43061793456175,-0.004700768430550006
0.07544549377627159,189.6999969482422,82.6520004272461,369.23328999770524,-0.0045130175344756385
0.08648723955570653,191.27999877929688,82.6353988647461,85.68414059498525,0.008328950218622122
0.09606843094284011,189.92999267578125,82.4198989868164,-57.824141194120266,-0.007057748390480123
0.14631413717942532,192.50999450683594,82.35569763183594,-150.5518477946444,0.013583962146825668
0.1387756371770007,193.6300048828125,81.7125015258789,-739.2609951837137,0.005817933655059004
0.12311685404711048,193.9499969482422,82.07460021972656,-359.9221041973543,0.0016525954519464037
0.13885552105600135,192.63999938964844,81.9645004272461,-230.31938547989375,-0.006754305641692437
0.15037906063634582,190.75,82.01840209960938,528.5611131094579,-0.009811043374359563
0.1289249198040562,188.1199951171875,81.95800018310547,171.8091447842307,-0.013787705807667083
0.09022733609397343,186.91000366210938,82.41739654541016,-881.520077681367,-0.006432019383821319
0.05831573174495934,186.10000610351562,82.30490112304688,162.0419846973975,-0.004333623362706929
0.08706336047399899,186.22999572753906,82.7156982421875,-192.54114020815825,0.0006984933893614542
0.12052269611772748,187.4199981689453,82.622802734375,-338.46100015297935,0.006389961170096603
0.088060635176253,186.1999969482422,82.53299713134766,305.83814442043393,-0.006509450606244194
0.09605381417049103,187.4600067138672,82.52909851074219,515.4997612479755,0.006766969851107252
0.08553253802038965,187.8800048828125,82.677001953125,465.64005955809927,0.0022404681206822374
0.09973695329536203,186.91000366210938,82.52580261230469,-419.60876161131927,-0.005162876280039197
0.09592258260178951,185.67999267578125,82.26529693603516,-154.6061879256073,-0.006580765942050371
0.08980825592207664,186.17999267578125,82.33879852294922,165.63171570178199,0.002692804931724968
0.06696410087029245,185.7100067138672,82.21489715576172,487.7725635611796,-0.00252436341391693
0.09234828844513848,187.08999633789062,82.16429901123047,-239.58711892264498,0.007430884573439656
0.13311799065303673,189.86000061035156,82.10050201416016,-92.82948833190856,0.01480573160875065
0.10210606653993623,190.55999755859375,82.18479919433594,-553.1674870030141,0.0036869111239432595
0.10144866549338613,192.19000244140625,82.11479949951172,-598.1033120403354,0.008553762089083206
0.07179446767064307,192.94000244140625,81.94999694824219,406.262911197099,0.003902388212043695
0.0974751840619703,192.63999938964844,81.88480377197266,678.1200142854115,-0.0015549033272606039
0.05884244193753928,193.75999450683594,81.98390197753906,-36.00506079016692,0.005813928159966952
0.05879521628968452,194.63999938964844,82.07009887695312,501.7664489460121,0.004541726402564672
0.048126503085242245,194.77000427246094,81.96060180664062,180.81801252381706,0.000667924800761277
0.06720105770350074,193.91000366210938,81.84480285644531,-322.55987730256214,-0.004415467430747277
0.07288532930041687,193.24000549316406,82.00370025634766,180.69780275420698,-0.0034552016723840007
0.05728723363250384,192.86000061035156,82.10790252685547,769.0182832329846,-0.0019664917822926897
0.037032948858544766,192.99000549316406,82.34010314941406,-17.913019554975765,0.0006740894037180478
0.032461361483567805,192.85000610351562,82.14089965820312,782.321827907003,-0.0007254230046301879
0.05573602128051982,193.9499969482422,82.05480194091797,-1309.8725520448722,0.005703867305745014
0.04627162801869676,194.1300048828125,81.85230255126953,410.95125218761194,0.0009281151709341628
0.03902016439754051,194.6199951171875,81.9916000366211,43.52353411908567,0.0025240314328058844
0.04996339683183263,195.92999267578125,81.76689910888672,-149.50367523293392,0.00673105329082424
0.042763968536027576,197.2899932861328,81.76509857177734,45.88038826775115,0.006941257904306886
0.042558058168096755,198.38999938964844,81.77469635009766,-993.7844573004464,0.00557557981118828
0.06990033506041275,197.67999267578125,81.77870178222656,-109.83594391875596,-0.0035788432685697202
0.07772523916594726,199.44000244140625,81.77999877929688,178.5562857558732,0.008903327756145885
0.11676777933517762,197.83999633789062,81.71610260009766,738.9470223707581,-0.00802249340117056
0.1246081583560877,199.7100067138672,81.72979736328125,-259.1351091368237,0.009452135112167914
0.12213945779077194,199.6999969482422,81.78710174560547,-404.2468014465938,-5.0121502621292e-05
0.11432236887962838,200.0,82.1050033569336,-250.87852179226826,0.0015022686847390165
0.09873332581587613,200.35000610351562,81.9198989868164,457.7010588510371,0.0017500305175781605
0.06402861674093092,200.25999450683594,82.10030364990234,164.37555482984223,-0.0004492717441355598
0.03666380363549993,201.33999633789062,82.20030212402344,-264.8801018835194,0.0053929984054694735
0.05515157058189884,200.50999450683594,82.2667007446289,256.63371655667805,-0.004122389222962819
0.06303033064332313,199.75999450683594,82.2959976196289,48.538774674020196,-0.003740461924826577
0.0637569912397364,199.0500030517578,82.45030212402344,484.3224952664446,-0.0035542224399381928
0.07392186471863794,199.82000732421875,82.72509765625,-351.0265469386762,0.003868396185157108
0.0701206506358582,200.74000549316406,82.90480041503906,-163.8310732988841,0.004604134397075521
0.06320363018072642,201.02000427246094,82.82499694824219,-196.0540765660788,0.0013948329761623857
0.06380128034913751,200.24000549316406,82.8906021118164,-731.7574740660593,-0.0038802047692709785
0.05307590079916345,200.6999969482422,82.71369934082031,148.06013853228802,0.002297200571610203
0.08417273799706891,202.85000610351562,82.74210357666016,130.52763608994468,0.010712552007800413
0.08711716802052266,204.13999938964844,82.57479858398438,2.55672832123045,0.006359345562328977
0.08759945911558475,204.36000061035156,82.57969665527344,-117.2935666875737,0.0010776977631081763
0.08527477752082219,203.66000366210938,82.68389892578125,-707.6853710252071,-0.0034253129093342327
0.09810375747356896,202.99000549316406,82.66680145263672,-210.3226613826795,-0.0032897876701254436
0.06959114715264192,203.83999633789062,82.27670288085938,-171.35725826338475,0.004187353178603637
0.05372169280727465,204.27999877929688,82.40979766845703,-401.13863461080945,0.002158567745835782
0.053629259177666914,204.0399932861328,82.51119995117188,-80.64285583300457,-0.0011748849353742097
0.06217919937019593,205.33999633789062,82.51719665527344,202.0254284072692,0.00637131491145837
0.06605350540290675,204.50999450683594,82.61810302734375,943.0929506052651,-0.004042085545228669
0.06559359226254083,204.02999877929688,82.48829650878906,87.28890641591948,-0.002347052664572913
0.06549825845298789,204.4600067138672,82.4448013305664,128.77519536138198,0.002107572107744149
0.07131064482454523,205.4499969482422,82.33719635009766,-37.22295788308355,0.0048419749675565615
0.057383137303885,205.85000610351562,82.29039764404297,-959.3856076495207,0.001946990319859676
0.05081380159883668,205.30999755859375,82.04499816894531,-13.25693772460844,-0.0026233108035484953
0.05610557445948582,206.69000244140625,81.9126968383789,30.11510497051322,0.006721566895049325
0.07337536673055527,205.8699951171875,81.91480255126953,1231.6210562426431,-0.003967329404097386
0.06904795066387395,206.5,81.98139953613281,-96.18048239056127,0.003060207401539339
0.06892641331596229,206.8699951171875,81.9917984008789,150.77367116680622,0.0017917439088983578
0.0703727036123238,206.24000549316406,81.94149780273438,-17.355884852621656,-0.00304534074004581
0.06211129141359214,204.97999572753906,81.91929626464844,-584.339018809766,-0.006109434309856887
0.06032019310071208,205.1699981689453,81.98480224609375,571.4114072575103,0.0009269316292639385
0.07538185631940228,206.4600067138672,82.00650024414062,375.96651634338707,0.006287510632327686
0.09663472366901768,208.17999267578125,81.99839782714844,395.51597352152345,0.00833084329159095
0.11062630582079686,210.61000061035156,82.07540130615234,-454.69372739736946,0.01167262955165338
0.06251408152775133,212.3000030517578,82.09629821777344,701.3971554680496,0.00802432190545832
0.04707990510571236,213.05999755859375,81.95010375976562,-700.9255313961404,0.003579813923274777
0.0760084272823418,212.9199981689453,82.0071029663086,293.42854690013513,-0.0006570890418317044
0.07379906958361862,213.9600067138672,82.39409637451172,1095.2278129049894,0.004884503822401243
0.08509474054847546,212.72000122070312,82.76840209960938,-495.2681625653442,-0.00579550128179962
0.06654971044393611,212.63999938964844,82.61530303955078,-283.14886480138597,-0.00037608983920456307
0.06727217871842466,213.4499969482422,82.52529907226562,49.82568254382061,0.003809243608534185
0.06757085997108207,213.25,82.39990234375,-251.7378270580996,-0.0009369733010147208
0.05782183120501814,213.69000244140625,82.00180053710938,-775.3317155330664,0.002063317427461797
0.042497921323414685,214.8300018310547,82.03079986572266,34.281487403013664,0.0053348279125085
0.053005198359952405,216.52999877929688,82.07679748535156,-531.1518568630524,0.007913219446784137
0.053818595318358614,217.02000427246094,82.06159973144531,236.7962153175908,0.0022629912526046514
0.03826674305235068,217.97000122070312,82.07540130615234,-459.7121171169017,0.004377462581972358
0.03547806884293436,219.50999450683594,82.06169891357422,774.9672025087699,0.007065161616315763
0.10990551462625715,217.47999572753906,82.0823974609375,-391.62664616811855,-0.009247864926868576
0.10391800617932916,216.72999572753906,81.99030303955078,-161.03075810283778,-0.0034485930418152178
0.1022981637303948,216.63999938964844,81.81420135498047,406.7586086848349,-0.0004152463418296559
0.10413606263010214,217.72000122070312,81.95010375976562,-615.4321582169777,0.004985237417362676
0.0843780819873183,216.6300048828125,81.97550201416016,113.72996730206471,-0.005006413429079926
0.06061312659495322,216.33999633789062,82.3749008178711,653.571377141214,-0.0013387275002775256
0.07170084457401808,217.5800018310547,82.25279998779297,-803.7416172806138,0.005731744079478407
0.07344532851420384,217.22999572753906,82.2332992553711,92.3169292661521,-0.0016086317702460606
0.09032736841948154,215.10000610351562,82.30729675292969,129.94139712421173,-0.009805227942346284
0.09538495263569352,213.55999755859375,82.7332992553711,390.91143588865503,-0.007159500238139271
0.11876181802266973,215.0399932861328,82.7843017578125,-618.475355439041,0.006930116803045117
0.11362678708139212,215.9499969482422,82.69529724121094,-660.2283065421382,0.004231787995354619
0.1137329345114867,215.7899932861328,82.74829864501953,260.9707828084488,-0.000740929216811792
0.0868761623526632,216.49000549316406,82.84500122070312,148.49233661659304,0.0032439511970467905
0.07609718086504555,215.3300018310547,82.86630249023438,125.24642517293833,-0.005358231939931346
0.06856105350115244,214.39999389648438,82.79989624023438,173.22410474848792,-0.004318989117456984
0.056026891997884916,214.50999450683594,82.89730072021484,-340.0123607892454,0.0005130625628873009
0.057162626724472344,214.57000732421875,83.19419860839844,116.12684858050177,0.00027976699883280887
0.04395139457824216,213.6999969482422,83.23699951171875,146.53623664934062,-0.004054669088312757
0.0377271554406885,213.0,83.09829711914062,-357.1757090131839,-0.0032756057942842087
0.04311802573886544,213.5,83.16729736328125,932.8872555723783,0.0023474178403755097
0.04185267921767424,213.42999267578125,83.1135025024414,236.91646045589377,-0.00032790315793329583
0.057247928937297105,214.3699951171875,83.07330322265625,-595.6517486013244,0.004404265912308691
0.05238240951461242,213.77000427246094,82.5447006225586,328.2768043169149,-0.0027988564556273854
0.05882698483253779,212.75999450683594,82.64140319824219,-487.3408351136607,-0.004724749709681841
0.055112211654308754,212.8699951171875,82.66429901123047,393.542301871226,0.0005170173584867488
0.05688873626184603,213.16000366210938,82.69149780273438,579.297789503702,0.0013623739915162858
0.04523241099122143,213.5399932861328,82.49469757080078,-410.34115917585524,0.0017826497349182624
0.047800085706551296,212.77000427246094,82.70040130615234,481.6880646221609,-0.0036058304668021846
0.06039857430699411,214.27000427246094,82.68240356445312,206.39046346824915,0.007049865910982334
0.0678982864659874,215.58999633789062,82.6969985961914,411.030079997245,0.006160414612916165
0.06813654492172444,215.83999633789062,82.7345962524414,948.3964913269737,0.0011596085358624997
0.0681515481245065,216.22000122070312,83.08609771728516,-122.69405800143525,0.0017605860325238254
0.041788622392174096,217.2899932861328,83.25740051269531,-376.86808217874477,0.00494862667370688
0.035362727236027944,218.41000366210938,83.24150085449219,-444.7572148127617,0.0051544498623170565
0.04999742148033261,220.3800048828125,83.03130340576172,-407.90514248271916,0.00901973896649344
0.05944250430843743,220.19000244140625,82.94329833984375,-38.55085470705206,-0.0008621582593543176
0.05651801253751116,221.42999267578125,82.84300231933594,170.57598740832174,0.005631455654781403
0.06416447074185495,221.52999877929688,82.93679809570312,138.34539966500952,0.0004516375686380858
0.06366980920245253,222.57000732421875,83.0282974243164,413.5916245180119,0.004694662351160783
0.058025196712171045,221.9199981689453,83.08580017089844,6.500945938953509,-0.0029204705660388353
0.1036191462192177,219.60000610351562,83.19499969482422,726.7670385786585,-0.010454182068186157
0.10083020275027271,217.6300048828125,83.08699798583984,-132.32841661897805,-0.008970861411426778
0.09484263528563977,216.80999755859375,82.89129638671875,1360.0845832948094,-0.0037678964564665796
0.06902701562670815,216.8000030517578,82.97480010986328,312.8336738825031,-4.6097998009697605e-05
0.07403114536076515,216.57000732421875,83.0282974243164,-428.5787782081413,-0.0010608658869998289
0.07917139247274016,217.55999755859375,83.29869842529297,-535.4462490305561,0.004571225012210078
0.07503014770690111,215.77000427246094,83.22270202636719,241.23620762159265,-0.008227584602958693
0.08337344973049404,216.75,83.19300079345703,-111.73139266292542,0.004541853400074958
0.09176543775584259,215.57000732421875,83.3593978881836,357.00024704604596,-0.005444026185841944
0.09668113458367528,214.39999389648438,83.22979736328125,236.61881228677242,-0.0054275334600450975
0.09975301278737941,215.52999877929688,83.44979858398438,-36.41445632843639,0.005270545312413111
0.09045744701502383,216.6199951171875,83.22489929199219,-423.39685903420246,0.005057283645265365
0.09167550215046925,215.47999572753906,83.12460327148438,-757.4236123429323,-0.00526266926112573
0.09992761319272725,217.1300048828125,83.27030181884766,-223.25747603351053,0.007657365825084694
0.08481870164721478,218.75999450683594,83.25029754638672,428.19939716173616,0.0075069754864287574
0.08990901464187243,218.60000610351562,83.21800231933594,107.04687206510198,-0.0007313421436171419
0.09391403103041315,218.07000732421875,83.26239776611328,-622.869389355994,-0.0024245140187503234
0.07808960440215816,217.89999389648438,83.28230285644531,86.590462925591,-0.0007796277434961585
0.06334000935953885,218.5500030517578,83.19950103759766,192.6586898644184,0.002983061833320866
0.052596027701066084,217.1999969482422,83.26429748535156,-441.92871810056647,-0.006177104025003932
0.05257341937359136,216.6699981689453,83.26860046386719,76.86255297276395,-0.0024401417437550643
0.062069180802408225,215.3000030517578,83.12229919433594,29.10435922299995,-0.0063229571641906235
0.07751622290341138,213.1699981689453,83.15979766845703,-571.4851489153116,-0.009893194856576248
0.04358790135931496,211.47999572753906,82.98780059814453,178.89368017414165,-0.007927956353721344
0.06241537785540302,208.74000549316406,83.1709976196289,280.3922631841172,-0.012956262009315878
0.13396655295950927,210.57000732421875,83.28250122070312,541.5256215876385,0.008766895577736467
0.15155006904579202,211.52000427246094,83.41339874267578,526.9010260174515,0.004511549200734155
0.14060535943802294,210.97999572753906,83.29650115966797,-688.8346839785455,-0.002552990421777257
0.13376736047489174,209.99000549316406,83.2771987915039,-468.9125199575614,-0.004692341712118853
0.0968535985371469,211.63999938964844,85.19400024414062,257.5176336043299,0.007857487753330616
0.08508161406796703,212.69000244140625,83.24729919433594,256.8929754561044,0.004961269395132861
0.0975080211510659,214.55999755859375,83.15850067138672,257.5238431530239,0.008792115735212658
0.09074856546208454,214.49000549316406,83.2228012084961,1926.3657453273604,-0.00032621209091210357
0.0623310191983573,214.8300018310547,83.23269653320312,285.4452553465835,0.0015851383709413192
0.07061225845526894,214.3000030517578,83.21769714355469,567.7828200902994,-0.0024670612799867486
0.06892874960788989,214.24000549316406,83.31939697265625,477.0008817466012,-0.00027996993812107185
0.026177562353442426,214.5500030517578,83.29889678955078,325.695625652899,0.0014469639219816255
0.08371784423727459,216.97000122070312,82.98159790039062,-157.63462232017278,0.011279413351308776
0.08612485606722277,218.16000366210938,83.18620300292969,379.4846102466336,0.005484640432829924
0.0794146882379023,218.02000427246094,83.12030029296875,-386.4126072687859,-0.000641728031253952
0.0895285847119182,217.35000610351562,83.29149627685547,-118.40930337000444,-0.0030731040996954118
0.08925309367079931,218.38999938964844,83.32219696044922,-242.68177391455174,0.004784878108710533
0.05772263349313099,218.52999877929688,83.345703125,40.93706969316128,0.000641052200374137
0.045247456007074804,218.55999755859375,83.54830169677734,1157.3292833367543,0.00013727533731966446
0.04490022433188547,218.47999572753906,83.34400177001953,-933.6325962958741,-0.0003660405927358168
0.041493675197276945,219.55999755859375,83.364501953125,343.1300951872568,0.004943252710429169
0.06733071885366382,221.66000366210938,83.41809844970703,-806.3579355948259,0.009564611618084973
0.06486141349548498,222.1300048828125,83.3302993774414,-235.96593289471676,0.002120369994307092
0.06288286065390057,223.75,83.35269927978516,544.4752984836831,0.007293004463949648
0.10746310601602857,228.17999267578125,83.21859741210938,32.14000954773139,0.019798849947625596
0.10255447681542515,230.05999755859375,83.41709899902344,-538.872388964653,0.008239131138389366
0.1098223895565564,230.94000244140625,83.31590270996094,-357.6518546299841,0.003825110371864504
0.12003346715390002,230.8300018310547,83.28959655761719,339.7988744673379,-0.0004763168320285338
0.12627503460514217,231.36000061035156,83.35489654541016,-365.18331585856833,0.0022960567304626256
0.05137940306621679,231.7899932861328,83.43009948730469,108.22929479098744,0.0018585437182179199
0.04582272542294324,230.9600067138672,83.34349822998047,22.785919951906884,-0.0035807696462593075
0.0374670303087391,231.14999389648438,83.39600372314453,-325.80017380290843,0.0008225977532663187
0.09247400120741828,233.99000549316406,83.2853012084961,1071.972044662663,0.012286444610297265
0.10993861425439931,236.6199951171875,83.29660034179688,316.9595111590056,0.011239751964962741
0.11400831829052582,236.57000732421875,83.04170227050781,-1012.5712933288036,-0.00021125768743246454
0.0992703450195324,236.6999969482422,83.11119842529297,93.22715738471382,0.0005494763494904298
0.17259109206945386,233.25,83.09159851074219,-330.893232384194,-0.014575399208799245
0.15289514622914407,234.60000610351562,83.26719665527344,426.216667398112,0.005787807517751986
0.12718159854363037,235.5,83.13159942626953,-396.26036921635034,0.0038362910190516963
0.13685103436599536,236.92999267578125,83.17230224609375,-57.368220733449505,0.006072155735801443
0.14836550991219097,238.91000366210938,83.18280029296875,252.49363949022856,0.00835694528990083
0.02605375791000571,240.16000366210938,83.26719665527344,432.87759708506076,0.005232095688081362
0.062469236338928036,239.64999389648438,82.302001953125,-600.1482035278881,-0.0021236249077617453
0.06320759787778964,240.35000610351562,83.24859619140625,-167.25061792047418,0.0029209773622345114
0.08480366736390743,239.2100067138672,83.20259857177734,-237.4726555804781,-0.004743080344077222
0.0777509435996661,237.74000549316406,83.25700378417969,-326.66461628685596,-0.00614523297288927
0.08469779698392803,239.3000030517578,83.31809997558594,882.7271201405484,0.006561779770122067
0.0851889898613605,239.74000549316406,83.2406005859375,202.49085548047776,0.0018387063760758604
0.09912906033232499,237.67999267578125,83.19110107421875,-630.4419771675226,-0.008592695295660868
0.09760295879093442,237.77999877929688,83.05069732666016,458.93097352738806,0.00042075945219344213
0.09176063670605447,238.75999450683594,83.131103515625,1061.0780985063166,0.004121438861847571
0.0769453450675352,238.8699951171875,83.02559661865234,516.2326302755735,0.0004607162543237564
0.11786431914214544,241.72999572753906,83.07610321044922,-759.6849829770067,0.011973042528629296
0.08412217663021807,244.07000732421875,82.87210083007812,-242.1170364331257,0.009680269879775993
0.10088086418309553,243.24000549316406,82.8593978881836,633.4555745933113,-0.003400671144128453
0.2020071375060371,238.3800048828125,83.08899688720703,-353.83473280939035,-0.01998026846158807
0.20319589181711314,237.50999450683594,83.17759704589844,221.90971407311423,-0.00364967848878206
0.1850692746851223,239.14999389648438,83.16059875488281,387.3170267146684,0.00690497001211976
0.1780010912782933,234.8699951171875,83.09510040283203,-463.46523578904146,-0.017896712893705757
0.22001968040609554,237.2899932861328,83.22139739990234,-29.76267803090004,0.01030356460704085
0.17638208984031228,236.14999389648438,83.09760284423828,-1620.6336700345362,-0.004804245530378504
0.21674081018563737,240.0500030517578,83.12129974365234,-512.1938206671449,0.016514966148942545
0.22213562311774515,238.1300048828125,83.1530990600586,-126.28407569658015,-0.007998325950995033
0.16659356184003035,240.25999450683594,83.10970306396484,-623.8915909824248,0.008944650318516656
0.16137129141397244,240.02999877929688,83.05359649658203,816.2056519658177,-0.0009572785016130902
0.1486261535365309,241.3000030517578,82.92759704589844,-715.0706889803164,0.005291023117609095
0.10999072435998283,240.24000549316406,82.99929809570312,-220.02224334849188,-0.004392861770359691
0.09038154309875898,242.00999450683594,83.10369873046875,65.37028864304567,0.007367586468533638
0.07499718956632208,242.35000610351562,83.07060241699219,720.6366445330577,0.0014049485740146306
0.10537365991745222,240.27999877929688,83.01260375976562,-717.9310755897197,-0.008541395799819274
0.09784805592725494,240.77999877929688,82.98529815673828,581.5818760774798,0.0020809056206931853
0.10272325791489764,239.32000732421875,83.0145034790039,5.116530509793525,-0.006063591089292997
0.09304894342159198,240.58999633789062,82.99019622802734,-490.75432552397547,0.005306656254407294
0.09915286155740911,241.5500030517578,83.07460021972656,231.05173713163538,0.003990218747577989
0.07446002743378348,242.72000122070312,83.04309844970703,99.52984778673502,0.004843710015166591
0.07787455169875027,243.99000549316406,83.00959777832031,-300.10843857939733,0.005232384088965647
0.009143264233300313,245.0399932861328,83.01599884033203,34.90104249500943,0.004303404931880195
0.024265870693620867,245.3699951171875,83.02100372314453,-192.65679843087997,0.0013467264124078504
0.07532523825928668,243.8699951171875,82.8291015625,56.758672625623994,-0.006113216896318607
0.08515502467403831,245.7899932861328,82.93840026855469,331.06533726052317,0.007873039764578982
0.08326396741964587,245.69000244140625,82.87229919433594,793.008408072676,-0.00040681413994814175
0.08414737541177764,244.8699951171875,82.88179779052734,-618.9077494134245,-0.003337568953031833
0.08593198321657454,245.5,82.85199737548828,1066.5166873281332,0.0025728137190144107
0.10525121157099357,243.07000732421875,82.94819641113281,-976.0438997612509,-0.009898137172225097
0.07740640918302397,243.25,82.91190338134766,-75.89254751779163,0.0007404972656341879
0.14430777108018436,246.85000610351562,82.910400390625,294.1586032422881,0.014799613991842264
0.1398030750369962,247.8300018310547,82.84609985351562,140.49593386751636,0.003970004874652933
0.1432145906268688,247.33999633789062,82.9104995727539,-311.34975991029694,-0.00197718391455326
0.1013042905967788,248.6199951171875,82.88480377197266,-104.06112517863767,0.005175057808071815
0.10264282447124345,248.6699981689453,82.81909942626953,-246.50046732941655,0.0002011224066440498
0.066098107048882,247.4499969482422,82.7520980834961,-294.6823784721059,-0.004906105399471117
0.05848048816140975,247.4199981689453,82.7782974243164,424.8010485105125,-0.00012123168182198718
0.1211172202696454,243.7100067138672,82.83509826660156,178.50774298252367,-0.014994711351282275
0.128735634868508,245.38999938964844,82.83110046386719,-346.4547976303271,0.0068934086803980055
0.12836111262238922,243.8000030517578,82.9655990600586,449.7999377166254,-0.006479466733955608
0.1318412509166464,243.97999572753906,82.88890075683594,153.64976043830467,0.000738280039082051
0.13717431934459587,241.60000610351562,82.86360168457031,406.43105941948005,-0.009754855585296651
0.10352697093642754,241.5800018310547,83.04239654541016,314.8144209618061,-8.279913888897816e-05
0.12061883215726939,243.99000549316406,83.05460357666016,-414.49750546103627,0.009976006473394916
0.11268589887835014,244.74000549316406,83.22660064697266,-280.09052009848483,0.003073896401961429
0.11749058841305339,243.7899932861328,83.41739654541016,373.6468025616309,-0.0038817201344624186
0.08268485968661479,244.9600067138672,83.34549713134766,305.1851327167324,0.004799267648205596
0.08540035736909514,246.9600067138672,83.36499786376953,-10.450796982074067,0.008164598077988083
0.07111865077213728,248.19000244140625,83.36479949951172,58.663691654390995,0.00498054621841737
0.07202285438584992,248.64999389648438,83.40969848632812,638.8324478942125,0.001853384304578265
0.051133023196393484,248.58999633789062,83.35030364990234,-295.78569441791495,-0.000241293223673833
0.05113832104260117,249.22999572753906,83.37329864501953,273.54869058501885,0.0025745178771334754
0.03653321854599061,249.0500030517578,83.47779846191406,-101.09632621694699,-0.0007221950763022233
0.04766188001063404,250.75,83.29679870605469,-108.84060161361019,0.006825926229315771
0.050011338432966575,250.74000549316406,83.26959991455078,549.3884259935952,-3.985845198783977e-05
0.04772147633905584,251.57000732421875,83.22429656982422,412.70817449401494,0.003310209032747702
0.08750029499572516,249.55999755859375,83.34929656982422,406.7548180003193,-0.007989862491972421
0.11840456668715992,246.8699951171875,83.61109924316406,652.7394035771646,-0.010778980877232391
0.09152474864216595,245.52000427246094,83.50599670410156,10.501920816379524,-0.005468428206861442
0.08420932147267146,243.94000244140625,83.5958023071289,340.976485647482,-0.006435328297328069
0.10563898944866143,245.52999877929688,83.54499816894531,-155.133378296728,0.0065179811510107655
0.129610445922605,247.30999755859375,83.38529968261719,162.08317624422105,0.007249618328295959
0.10273400311701911,247.82000732421875,83.38619995117188,-65.07152718384229,0.0020622286630533893
0.08746262517701707,247.94000244140625,83.2833023071289,48.49798249635909,0.00048420270212701233
0.046494834552853526,249.27000427246094,83.3405990600586,297.5785127184568,0.005364208348626498
0.06589056767475561,248.44000244140625,83.30180358886719,-409.11034161673626,-0.0033297300791452766
0.07283611795016617,250.58999633789062,83.40229797363281,1046.1936378427301,0.00865397631362308
0.08057490152346061,250.05999755859375,83.45110321044922,-503.008690749851,-0.0021150037393441457
0.0800098208656686,250.83999633789062,83.40640258789062,-607.0943063938661,0.003119246528482167
0.10312341117011037,248.75,83.40630340576172,579.0554367500339,-0.008331989987255928
0.10066300898038949,248.3699951171875,83.37999725341797,395.83134698146796,-0.001527657820351802
0.0677667755188386,247.11000061035156,83.4728012084961,312.05990852607755,-0.005073054441384728
0.07188246591819172,247.24000549316406,83.46990203857422,314.17275463213997,0.000526101260537315
0.09814473674512605,243.49000549316406,83.46430206298828,-6.123386423457312,-0.015167448295917763
0.12533700204157203,244.97000122070312,83.45939636230469,-448.62718574291574,0.006078260684833747
0.12811533338307055,245.16000366210938,83.5248031616211,37.90227909686317,0.000775615138422836
0.1379700938391096,246.61000061035156,83.50550079345703,-338.5808557560558,0.005914492276809735
0.13774370696112326,246.4199981689453,83.52420043945312,487.5598667088756,-0.0007704571628726065
0.056607854093520135,248.17999267578125,83.40509796142578,-73.52869075106932,0.007142255173743228
0.05349010961091233,248.72999572753906,83.47010040283203,-412.7485983962558,0.0022161458134795087
0.04961208601466993,249.74000549316406,83.31500244140625,-160.69292082649673,0.004060667321891476
0.04585670285120064,250.36000061035156,83.31680297851562,206.46572713781225,0.0024825622789717006
0.0888416788910303,254.2899932861328,83.26709747314453,-281.86227640198746,0.01569736645710318
0.09177391708313827,254.97999572753906,83.2863998413086,-411.1101977832157,0.0027134470864917937
0.10130221255712481,254.72000122070312,83.05220031738281,121.84360574595615,-0.0010196662922284938
0.11268184695452522,254.1999969482422,83.14569854736328,122.48328555436139,-0.0020414740498151396
0.13690726915638043,252.3699951171875,83.20649719238281,-253.47158768556488,-0.00719906315115848
0.07103563402060395,250.35000610351562,83.3656005859375,-235.5191528091614,-0.008004077555788247
0.07356272075230887,251.14999389648438,83.3208999633789,116.02496867881814,0.0031954774254647766
0.23369788772596864,258.1400146484375,83.45079803466797,-724.0421707486621,0.027832056228654256
0.3313653172035619,250.47999572753906,83.09339904785156,-703.7318871882776,-0.02967389202069526
0.33088702336156806,251.3000030517578,83.62940216064453,-359.222110626218,0.003273743764794279
0.32679793583076366,252.97999572753906,83.38079833984375,-106.72357585592363,0.00668520754229851
0.3547432766588917,258.4200134277344,83.47309875488281,155.45378279900228,0.021503746509879074
0.2971767319184587,257.94000244140625,83.52760314941406,737.678108474776,-0.0018574837914493436
0.14095892868987162,258.79998779296875,83.52980041503906,428.8298116010097,0.0033340518857980506
0.14259814339206212,259.3900146484375,83.5968017578125,-79.96926498171355,0.002279856581526296
0.14395976828500406,260.29998779296875,83.5343017578125,-9.508103951344415,0.0035081271180179563
0.03464798232713948,260.6499938964844,83.52210235595703,-501.2646823189044,0.0013446258929292743
0.015170002700731919,261.55999755859375,83.51010131835938,-9.256567996194951,0.0034912859521138984
0.0277594539235493,261.3800048828125,83.37409973144531,-144.32931946006894,-0.0006881506249476477
0.0279784051377511,261.7200012207031,83.41950225830078,161.35928016904475,0.0013007740895982778
0.04027089965467961,260.8699951171875,83.60160064697266,-413.6154717761615,-0.003247768988044686
0.04423247675712468,261.6600036621094,83.5625,259.67325712058613,0.003028361098281973
0.06360571836625986,263.5899963378906,83.46040344238281,766.3694565012888,0.007375956006916207
0.06472805384006906,265.010009765625,83.41459655761719,-54.380074228428796,0.005387205309241194
0.0700179202059712,266.95001220703125,83.58039855957031,200.85586104947072,0.0073204874152563715
0.03900828668371602,267.4800109863281,83.45089721679688,345.0719958555563,0.0019853858590044293
0.03888936813545587,268.29998779296875,83.36750030517578,-200.61023594291814,0.0030655629316633792
0.03502478126393461,269.0299987792969,83.44129943847656,112.04624090520839,0.0027208759580392705
0.03345504848102455,270.2300109863281,83.4791030883789,6.29620039089743,0.004460514487143463
0.01986996156361998,270.5299987792969,83.49120330810547,48.83804927441586,0.0011101201967680385
0.027647147877349856,270.5299987792969,83.49340057373047,-386.50489192773324,0.0
0.0384063265546887,270.0400085449219,83.47209930419922,12.255087129471349,-0.0018112232897865566
0.04615859826767582,271.3800048828125,83.45760345458984,248.99914562272474,0.004962214099721862
0.04397306265507886,270.9200134277344,83.49299621582031,725.5718038975208,-0.0016950086476590354
0.044216772338793925,270.75,83.49590301513672,479.63541304260343,-0.000627541042772517
0.053263355707212245,271.94000244140625,83.51850128173828,1076.5912287557783,0.004395207539819923
0.050021813678148466,273.0899963378906,83.52030181884766,-383.67378144402477,0.004228851534014977
0.0438709404517895,273.54998779296875,83.58760070800781,436.1603183603391,0.0016843951124045908
0.046966351304254424,275.510009765625,83.57209777832031,91.67100286917587,0.0071651327366888395
0.09343528201070854,273.2900085449219,83.67430114746094,1094.9014666088362,-0.008057787891596613
0.09579993087997987,272.45001220703125,83.73030090332031,-404.14914267757575,-0.003073644522765484
0.08998751336747224,272.6400146484375,83.67130279541016,-419.86092109038805,0.0006973845949467261
0.08927927639367604,271.8900146484375,83.70680236816406,-299.6963227220111,-0.0027508801338904654
0.05513512573110331,271.9200134277344,83.74299621582031,-1061.9478621549035,0.00011033424429229832
0.11997403295121002,276.05999755859375,83.73760223388672,-262.8775108403805,0.015225007084517683
0.11131659502324266,276.67999267578125,83.72779846191406,-379.566330776849,0.00224587090730477
0.11034634544129117,277.1000061035156,83.75050354003906,75.19689323810381,0.0015180477043981178
0.09807776008049095,277.75,83.73899841308594,170.87798788857972,0.0023457014874317395
0.09367526074534456,278.3299865722656,83.7177963256836,938.0854196079431,0.0020881604762039707
0.08204470985113492,275.69000244140625,83.743896484375,475.21191909302513,-0.009485086976691703
0.17275397917875582,269.4800109863281,83.73529815673828,-288.45182783120157,-0.022525268961822276
0.16210337291434343,267.6099853515625,84.00260162353516,-449.207335674179,-0.0069393853292536445
0.21096820700439528,271.1000061035156,83.93489837646484,245.95958575325287,0.013041444426553195
0.20201537774711867,269.3299865722656,83.94239807128906,-660.116603510321,-0.006529028002213111
0.22397384056200945,271.5899963378906,83.98899841308594,915.7293829271769,0.008391229637620068
0.14211736996649169,271.44000244140625,83.94979858398438,589.7200603606435,-0.0005522806381195178
0.14262012274308847,269.5199890136719,83.88999938964844,-234.5878260523524,-0.0070734357886281796
0.09899413966716879,269.3399963378906,83.88200378417969,-856.567264545439,-0.0006678268147751742
0.14654759563523953,273.80999755859375,83.94830322265625,676.9361870827066,0.016596128616172656
0.13952672781392925,274.42999267578125,83.88980102539062,-57.26992262630894,0.002264326075437806
0.13849112337947694,275.8299865722656,83.87860107421875,618.9081559867309,0.005101460969458849
0.10929065640569811,276.1199951171875,83.77940368652344,-797.2138293971835,0.001051403252147587
0.10375373919112757,276.4800109863281,83.88860321044922,-299.6875114768864,0.001303838459753015
0.029185922798559555,276.6000061035156,83.94059753417969,2.621849859091583,0.00043401009989629813
0.052332623358526204,278.8399963378906,83.81379699707031,23.490296882371027,0.008098301464016133
0.05456333859311701,278.70001220703125,83.88369750976562,-225.0327357396218,-0.0005020231412201648
0.054804897650511386,278.94000244140625,83.92160034179688,311.4249661737494,0.0008611059342069627
0.056123686257435405,280.1000061035156,83.94149780273438,-533.8102146912972,0.004158613508125519
0.052753952458169835,281.0799865722656,83.89510345458984,-71.18974251064675,0.0034986806404704307
0.03057757447479081,281.45001220703125,83.86380004882812,60.14781585594943,0.0013164424805836017
0.024627191798785565,281.7200012207031,83.92729949951172,257.2194170293745,0.0009592787420924509
0.03603558557896195,281.2799987792969,83.95030212402344,355.8074390444448,-0.0015618431048548542
0.04061349694282004,280.42999267578125,83.98249816894531,-562.3210459189345,-0.003021921598423294
0.06821614632119104,277.82000732421875,83.98359680175781,-767.0570853678112,-0.009307083477978928
0.06313216020425928,277.67999267578125,83.98259735107422,638.8384109492546,-0.00050397611671682
0.08418563529871519,279.20001220703125,83.98090362548828,166.15700598979583,0.00547399730388487
0.08906717758289308,277.5400085449219,83.98200225830078,-374.2432682782768,-0.005945571595743493
0.174846672348798,282.7099914550781,83.99259948730469,775.5759877612614,0.01862788337170307
0.14647687539708532,283.19000244140625,83.93479919433594,57.837317146429335,0.0016978918355787798
0.1450972985910615,283.2699890136719,83.88480377197266,589.6485920319133,0.00028244843241664874
0.1449080425655125,283.8900146484375,83.88400268554688,33.759240705054474,0.0021888151191888916
0.13057307002119264,283.3599853515625,83.77059936523438,1030.3739624409936,-0.0018670233876714182
0.026898105379589754,283.9200134277344,83.69170379638672,877.6704212216022,0.001976383770196266
0.07926400425888966,287.1000061035156,83.61470031738281,-124.48207423953674,0.011200311796937257
0.08239454732365625,289.3399963378906,83.48709869384766,485.7854754771777,0.007802125345714339
0.08757356953755514,289.29998779296875,83.55960083007812,322.68797479257375,-0.00013827519675213562
0.07385533561431686,290.0899963378906,83.56759643554688,684.3157787661743,0.0027307589984664205
0.06979289567666941,291.54998779296875,83.62409973144531,-482.46173029005223,0.005032891425106323
0.04947144588027848,291.9700012207031,83.61710357666016,343.02572999921966,0.0014406223471792323
0.10766066654801026,288.3800048828125,83.71640014648438,529.2122434247939,-0.01229577121923875
0.10760224132858279,288.2699890136719,83.82730102539062,-879.3697432115572,-0.000381496176149021
0.16319782513357456,282.69000244140625,83.91960144042969,-591.6292563328875,-0.01935680710766252
0.13644983249947842,280.1499938964844,84.0093994140625,-1019.6160888800503,-0.008985137511003272
0.10986186783331015,278.010009765625,84.02780151367188,-134.70341722227883,-0.007638708468614475
0.1468267244027817,279.3999938964844,83.96410369873047,358.77112789798105,0.00499976289354187
0.1422920939513706,278.7200012207031,83.91459655761719,751.1785260480141,-0.0024337605248236915
0.09578921635602808,279.29998779296875,83.94219970703125,37.047390209887595,0.0020808932610700825
0.07645155806927721,278.7200012207031,83.94599914550781,814.307772785646,-0.002076572136106014
0.06808169285433532,280.760009765625,84.16829681396484,-690.0507291074457,0.007319203989621492
0.07037415515282966,279.8299865722656,84.04850006103516,-851.6912196775774,-0.0033125201631661882
0.07763316472835291,278.5,84.05619812011719,-27.773849448309388,-0.004752837923330144
0.08559882528104476,276.69000244140625,84.03929901123047,192.03272446965363,-0.00649909356766154
0.09223758382013099,277.5299987792969,84.05380249023438,-16.347374047046557,0.003035875277309641
0.05750689842114404,276.4700012207031,84.0687026977539,-1033.7210500199383,-0.0038193981308546343
0.07842218018986458,273.55999755859375,84.07350158691406,-44.560019756394205,-0.010525567509171996
0.08076009787836305,273.0899963378906,84.08399963378906,-652.2347502524266,-0.0017180919173039877
0.07743871229941858,272.1199951171875,84.06759643554688,334.8362744150192,-0.003551947100628894
0.05369553243118196,270.4800109863281,84.08180236816406,183.29912304842412,-0.006026694694570733
0.09384628975258424,271.9700012207031,84.10199737548828,-469.93989316367765,0.0055086889006756845
0.08611439149502895,273.5899963378906,84.10279846191406,-256.93345866834676,0.005956521343958299
0.09386484396614354,272.1600036621094,84.08930206298828,-529.6067609444758,-0.005226772524296486
0.09878072163070498,270.6400146484375,84.08910369873047,-31.33954863658594,-0.00558490958707869
0.08847483830437085,270.6400146484375,84.09149932861328,477.57116025061913,0.0
0.08878947995961577,268.4700012207031,84.13359832763672,-492.86302316777187,-0.008018080513900516
0.10551391988102075,270.7900085449219,84.15249633789062,252.0232577589222,0.008641588682794854
0.13616555343886738,273.9100036621094,84.11630249023438,-265.1288091862204,0.011521825099650718
0.16052518502030527,270.70001220703125,84.2511978149414,-396.4364161311721,-0.011719146479359344
0.1615663253832029,270.0299987792969,84.306396484375,-53.51517997727891,-0.0024751141393445364
0.1473084034395872,269.9599914550781,84.38289642333984,-517.621161209687,-0.0002592575807696118
0.14792394858732674,267.17999267578125,84.39649963378906,-276.824652673591,-0.010297817703700307
0.09266974529687705,263.6400146484375,84.39530181884766,-598.9389462944242,-0.013249412846715103
0.09620323085475287,263.57000732421875,84.4229965209961,982.3625664581947,-0.0002655413455051603
0.09377584852281984,262.4700012207031,84.47750091552734,17.631775985864305,-0.0041734873959407
0.10415831003407848,263.07000732421875,84.39849853515625,-349.86275399629267,0.0022859987835757156
0.09582511444186113,261.2900085449219,84.38310241699219,106.98995536711098,-0.006766255102213625
0.17608876982535335,266.8599853515625,84.48829650878906,-56.164024845414815,0.021317220806332582
0.19206953681003447,270.7300109863281,84.43599700927734,-110.4847997666113,0.0145020829168796
0.1824717290778217,270.5400085449219,84.37750244140625,307.0833500217126,-0.0007018152169906422
0.18086888575526475,271.5400085449219,84.33910369873047,378.75385502365253,0.0036963109647938364
0.21880723517997097,267.67999267578125,84.42030334472656,-265.25057380526374,-0.014215274904884057
0.17164264865211237,269.8800048828125,84.47160339355469,-287.90912032234,0.008218814506977257
0.14050579996764748,271.3800048828125,84.55699920654297,-137.525848575822,0.005558025688680912
0.14466283474210234,272.9800109863281,84.73709869384766,-1150.9605823677923,0.00589581426312713
0.14372655993750272,273.42999267578125,84.68309783935547,-757.5955310992761,0.0016484052727057108
0.04606354784966244,275.9200134277344,84.70700073242188,683.4371337222623,0.00910661163241766
0.05830406820477915,275.8800048828125,84.68379974365234,822.4838567506418,-0.00014500051817500914
0.07505045807814406,275.1400146484375,84.66600036621094,-124.51801977818916,-0.0026822902032691553
0.07438686042297911,274.67999267578125,84.84729766845703,288.27848152788323,-0.0016719559066827872
0.07430640899610118,274.9700012207031,84.8740005493164,155.62507727176805,0.0010558051283486858
0.02795555902566376,274.1000061035156,84.85710144042969,1539.440404227619,-0.0031639637535921805
0.06789929508150952,276.0799865722656,84.83920288085938,559.7874557172884,0.007223569590152579
0.06664498077078573,275.4800109863281,84.802001953125,-63.958795740383266,-0.002173194780927923
0.11005551599024091,272.2200012207031,84.91729736328125,-477.7702203002129,-0.01183392491510682
0.10937554867663656,270.70001220703125,84.91539764404297,-803.2231601287863,-0.0055836786674596794
0.11599634275396667,268.3900146484375,85.16549682617188,101.73181793361155,-0.008533422439697014
0.08418938006115936,264.1499938964844,85.27940368652344,-378.1753726421517,-0.01579798249017239
0.12960455967683807,265.6600036621094,84.94499969482422,-711.126854798837,0.0057164860894025615
0.12878666871819608,265.489990234375,85.0988998413086,-323.28644212126335,-0.0006399662176870269
0.13444770230118266,265.6700134277344,85.41339874267578,-540.7740018071976,0.0006780790236213807
0.13274765328257443,266.3900146484375,85.26090240478516,843.5708175362823,0.0027101335653711978
0.07867010126193055,264.3699951171875,85.38600158691406,440.8198784747253,-0.007582940126024895
0.062440680151602874,264.4700012207031,85.7865982055664,-3.9863206583086876,0.0003782808388346215
0.13616389305540427,269.8900146484375,85.78569793701172,38.684153823809154,0.01619043777942708
0.14971944620102023,268.4100036621094,85.80400085449219,-430.6421006641318,-0.005483755996886441
0.18179049226987198,264.4800109863281,85.75900268554688,761.5620386348286,-0.014641751880189124
0.1826394405544564,265.1600036621094,85.68070220947266,269.45502184232936,0.0025710550799107335
0.17977179044981886,264.9200134277344,85.80650329589844,-518.6230771632282,-0.000905077051819636
0.10352248120444635,263.1499938964844,85.90750122070312,-95.1693390418041,-0.006681335654291076
0.10390653759808095,262.2200012207031,85.91999816894531,-437.8091266923787,-0.0035340782722840247
0.10345925492047592,258.3999938964844,86.18800354003906,-691.3998654821681,-0.014567947930881009
0.1068602107124244,259.260009765625,86.65059661865234,463.0887737658207,0.0033282348663101757
0.11229971892771518,259.5799865722656,86.535400390625,954.7083202350652,0.0012341926814316562
0.12292913847521862,260.7200012207031,86.43099975585938,-699.2837869095706,0.004391766343358361
0.12302741642261089,259.7699890136719,86.6061019897461,281.4846183452854,-0.003643802556701603
0.0585891354161999,261.2900085449219,86.56900024414062,-325.32128456091357,0.005851405456886782
0.1204937670189556,257.9100036621094,86.21109771728516,-243.5626918823481,-0.012935836703573789
0.12448447861923308,258.8500061035156,86.45189666748047,-296.1969621194346,0.003644691667864741
0.12051200508911138,259.510009765625,86.47270202636719,-431.995384839908,0.00254975331870555
0.1229861887963429,258.19000244140625,86.44020080566406,24.260813972413494,-0.005086537222247833
0.11616842553305773,255.69000244140625,86.2030029296875,-415.4750582055189,-0.009682791650956202
0.10637674269204299,257.3299865722656,86.46839904785156,135.2284128899194,0.0064139548484505315
0.12032221337943472,259.3800048828125,86.58460235595703,-25.119054724568475,0.00796649600714594
0.1211821096601537,260.2200012207031,86.6406021118164,-119.47402343320488,0.003238477608442203
0.12641027427166607,263.0,86.64700317382812,-453.78183102079896,0.010683263262838194
0.09842413511124157,261.4700012207031,86.55400085449219,377.695612912878,-0.002517848585874116
0.12152706661789622,265.04998779296875,86.94339752197266,250.45859381219037,0.01369176791047555
0.12421755538698198,265.25,87.13009643554688,-488.7776223992755,0.0007546206988979787
0.11521292657899318,264.3699951171875,87.33409881591797,49.666152714612934,-0.0033176432905277498
0.11309634468889583,263.75,87.58830261230469,375.6935616858945,-0.0023451795916274998
0.12627820842330703,261.8999938964844,87.51309967041016,-834.7026405606858,-0.007014241150770095
0.08238589495332944,258.54998779296875,87.49009704589844,271.6800961899675,-0.012791165259972148
0.0750898624143066,258.2699890136719,86.81120300292969,-331.31187947292335,-0.0010829580062524657
0.08250509514800382,258.1700134277344,86.8740005493164,285.2993342965797,-0.0003870971858530581
0.07986960520429605,256.95001220703125,86.75409698486328,-381.6295782712584,-0.0047255729064158425
0.0870229929948532,257.1099853515625,86.43460083007812,-902.4410503322595,0.0006225846932528256
0.03211480250870432,256.8399963378906,86.85479736328125,-813.7712189415813,-0.0010500915135703837
0.0339491712818118,256.8900146484375,86.88719940185547,24.042473330690996,0.00019474502125849114
0.03428008764702862,256.8500061035156,86.872802734375,129.86125086074094,-0.00015574192315970237
0.03710433055711917,255.52999877929688,86.45120239257812,-452.1583125522043,-0.0051392146889291945
0.0714759472118849,252.8699951171875,86.52940368652344,319.296229388687,-0.010409751006991708
0.07272923898165153,252.75,86.69010162353516,-830.76003113448,-0.00047453284100351656
0.07021548505917287,252.55999755859375,87.16220092773438,-33.03989932365828,-0.0007517406188179976
0.10706324910935096,248.4499969482422,87.3270034790039,-605.5080998812282,-0.01627336335952434
0.11289029373165474,248.0500030517578,87.46399688720703,-325.9180539010796,-0.0016099573411051393
0.10707646083485801,247.49000549316406,87.32959747314453,23.69933565820701,-0.0022575994827821466
0.15943901937171584,250.47999572753906,87.21700286865234,-430.2066826419762,0.012081256487173953
0.1775529598787952,252.75,86.88929748535156,-192.27777211491266,0.009062617020044073
0.10461622455055626,252.83999633789062,87.12879943847656,503.1464046072203,0.00035606859699544025
0.11428191181494435,251.75,87.07379913330078,-288.4459347615744,-0.0043110123148157875
0.10650997570117232,252.0800018310547,87.3551025390625,417.8460560325709,0.001310831503692933
0.07907019971377295,251.74000549316406,87.20010375976562,-564.8534273288091,-0.00134876362829639
0.03601055265220476,251.05999755859375,87.3405990600586,264.9020889576414,-0.00270123111039966
0.05497906535042746,252.17999267578125,86.93900299072266,720.7843103289501,0.004461065594195679
0.04357704845065449,252.17999267578125,86.91639709472656,-1235.8222500636446,0.0
0.13353602387130512,256.70001220703125,86.57610321044922,-398.44762773523837,0.017923783260082926
0.13137249402893375,259.32000732421875,86.33709716796875,288.53606359027003,0.010206447185808543
0.10683949568338627,261.0899963378906,86.33609771728516,-101.52269302149634,0.0068255011710642854
0.11054122699144078,264.8999938964844,85.98699951171875,185.5729366856544,0.014592660048388106
0.11419868081317094,264.7300109863281,85.53209686279297,-301.99259335791027,-0.000641687104842581
0.13656423571431778,262.8999938964844,85.59040069580078,43.29489373644996,-0.006912767778105344
0.12792455094714175,263.7300109863281,86.09539794921875,-77.83861769603973,0.0031571590304813046
0.12834664880605554,263.2099914550781,85.69490051269531,583.8910308299037,-0.001971787470470887
0.10333234960047717,259.6000061035156,85.46810150146484,127.21042165060656,-0.01371522916590584
0.13391691547927448,261.6400146484375,85.61009979248047,168.80133103760107,0.007858276182429735
0.12974338643129998,260.4599914550781,85.65119934082031,-205.93848306123368,-0.0045101021529331264
0.13964313554309282,257.1600036621094,85.28289794921875,-243.80311203624677,-0.012669845278474923
0.22751666503040174,249.10000610351562,85.529296875,-216.27909390981046,-0.03134234501405608
0.2861350184653738,252.72000122070312,86.0270004272461,197.22607118914843,0.0145322963809289
0.2618316931824359,251.02999877929688,86.435302734375,-210.49224041013147,-0.006687252426571311
